data_kind,number,status,statistic,delta_j0,delta_j1,delta_j2,delta_j3,error
ons_realtime_abmi_e4_registered,0,retained,-0.09874422685985916,-0.05493323526140936,0.013081145236419012,-0.37497444162993904,0.021849624215492747,
ons_realtime_abmi_e4_registered,1,retained,-0.0018115440205353217,0.11859187859519849,-0.05999205576496569,-0.07118536928552671,0.00533937037315263,
ons_realtime_abmi_e4_registered,2,retained,0.00410606429667143,0.005193164415154494,-0.022839787769127096,-0.07240299129142619,0.10647387183208451,
ons_realtime_abmi_e4_registered,3,retained,-0.08638342866324439,-0.22864458939812218,0.06581888394943974,0.01570137710537689,-0.19840938630967203,
ons_realtime_abmi_e4_registered,4,retained,-0.06395247157650269,-0.027233094553005488,-0.18005365621084152,0.009182429346884291,-0.057705564889048044,
ons_realtime_abmi_e4_registered,5,retained,0.05479885959083631,0.20678647811341405,0.07564857096763777,-0.05948815090508133,-0.0037514598126252574,
ons_realtime_abmi_e4_registered,6,retained,-0.018402214697143093,0.02645617893191743,0.055247326770716254,-0.17068042467699107,0.015368060185785015,
ons_realtime_abmi_e4_registered,7,retained,0.06534380714047781,-0.0034235420662097615,0.09359541226514467,0.24604103717970346,-0.07483767881672715,
ons_realtime_abmi_e4_registered,8,retained,-0.010393325897833053,0.06742194876085594,0.05721388739378025,-0.02704409882557396,-0.13916504092039444,
ons_realtime_abmi_e4_registered,9,retained,-0.02512238829512005,0.0026779251910589164,0.09297774813830006,-0.2861050640355079,0.08995983752566872,
ons_realtime_abmi_e4_registered,10,retained,0.009953793013124407,-0.06187650975890341,-0.012648460214249257,0.09093582112972082,0.023404320895929476,
ons_realtime_abmi_e4_registered,11,retained,-0.026829406302410895,0.031611910643468466,0.12110009439990371,-0.0459964121437636,-0.21403321810925216,
ons_realtime_abmi_e4_registered,12,retained,0.028666573587923225,-0.06288149481316457,-0.014291862559319468,0.001518679932323852,0.1903209717918531,
ons_realtime_abmi_e4_registered,13,retained,-0.024674697771458295,-0.1359266167669555,-0.031670569641140234,-0.1926507953324681,0.26154919065473065,
ons_realtime_abmi_e4_registered,14,retained,0.0649656652264636,-0.06211041279836832,-0.028460466091863368,0.1595695153515121,0.190864024444574,
ons_realtime_abmi_e4_registered,15,retained,0.049950721682850446,0.032398783759487015,0.11608734170035284,0.21568392810696768,-0.16436716683540575,
ons_realtime_abmi_e4_registered,16,retained,-0.06154289227879417,-0.06513587349809413,-0.08144879836192531,0.03241871034538746,-0.1320056076005447,
ons_realtime_abmi_e4_registered,17,retained,-0.038949855791097776,-0.1263216513564358,0.08798398010374636,-0.08519575811730445,-0.03226599379439721,
ons_realtime_abmi_e4_registered,18,retained,0.009399610498788014,0.0444061625540193,-0.04654103765250861,0.12384176493843235,-0.08410844784479099,
ons_realtime_abmi_e4_registered,19,retained,-0.018848203100025093,-0.13618475433719118,0.03448658020762674,-0.15369955651843575,0.18000491824789983,
ons_realtime_abmi_e4_registered,20,retained,-0.024832605481286116,-0.23394536120235693,0.037257299333495975,0.03260612086579423,0.06475151907792226,
ons_realtime_abmi_e4_registered,21,retained,-0.038828381689142405,-0.06589518604322953,-0.04418626773445944,0.06589673847827038,-0.11112881145715103,
ons_realtime_abmi_e4_registered,22,retained,-0.0018439128769826008,0.00030366107471935244,-0.1274890424246385,0.14683202966239245,-0.027022299820403717,
ons_realtime_abmi_e4_registered,23,retained,0.04988699813387712,0.056487525957312434,-0.012582461052972338,0.12955575870781905,0.026087168923349335,
ons_realtime_abmi_e4_registered,24,retained,0.08058168360980456,0.14172667331618274,-0.03470978759830651,0.1160484916515735,0.09926135706976852,
ons_realtime_abmi_e4_registered,25,retained,-0.03814518527417076,-0.05588255721140567,-0.014775953045816803,-0.030341924536412268,-0.0515803063030483,
ons_realtime_abmi_e4_registered,26,retained,-0.05334085778643724,-0.2753929408415876,-0.1436062127789794,0.20433286358361447,0.0013028588912035732,
ons_realtime_abmi_e4_registered,27,retained,-0.01235140468603628,-0.08037750484605066,0.0500481689323774,-0.0537089978930943,0.03463271506262244,
ons_realtime_abmi_e4_registered,28,retained,0.07080333251974753,-0.07363816404505469,0.0637405325491267,0.24158121967345902,0.05152974190145909,
ons_realtime_abmi_e4_registered,29,retained,-0.053254605287566315,-0.06475197718864972,-0.014926260188181828,-0.19680262633816764,0.06346244256473393,
ons_realtime_abmi_e4_registered,30,retained,0.06105372766780311,0.04130411754044122,0.24971381427931122,-0.017133479559212406,-0.029669541589327608,
ons_realtime_abmi_e4_registered,31,retained,-0.006453731149750307,-0.008427470870231213,-0.08740286816300064,0.044382641640384496,0.025632772793846126,
ons_realtime_abmi_e4_registered,32,retained,0.001884148415576846,-0.00585042713212458,-0.12495792505319847,0.07629243830230992,0.06205250754532052,
ons_realtime_abmi_e4_registered,33,retained,-0.027270204200692108,-0.03288107731756307,0.052260641445406764,-0.0015956294184848452,-0.12686475151212728,
ons_realtime_abmi_e4_registered,34,retained,-0.09316607873053932,-0.08199800859178963,-0.11237891349521473,-0.1366193874517217,-0.04166800538343124,
ons_realtime_abmi_e4_registered,35,retained,0.07760505320128717,0.0368685759373778,0.10468848570015482,0.1635231706607425,0.005339980506873565,
ons_realtime_abmi_e4_registered,36,retained,0.010954468793907324,-0.2967966004831285,0.13281988969697744,0.007249104490001379,0.20054548147177897,
ons_realtime_abmi_e4_registered,37,retained,0.060708405225887656,0.07906573788192944,0.14835744777069249,-0.02132357658371778,0.036734011834646474,
ons_realtime_abmi_e4_registered,38,retained,-0.04283379735232729,-0.04213102702849758,-0.09391767803831574,-0.16703091022627353,0.1317444258837777,
ons_realtime_abmi_e4_registered,39,retained,-0.11314185565917118,-0.18665733093375528,-0.09609224058910704,0.07094091593732271,-0.24075876705114513,
ons_realtime_abmi_e4_registered,40,retained,-0.030890153381903825,-0.010564553025363799,-0.03999416807965267,-0.07931033321567557,0.006308440793076742,
ons_realtime_abmi_e4_registered,41,retained,-0.08420163409051011,0.02802376404268453,-0.5223649121871186,0.051347750454104335,0.10618686132828925,
ons_realtime_abmi_e4_registered,42,retained,0.014250922330423632,-0.11528628525297141,-0.025225708203113983,-0.02308166650724519,0.2205973492850251,
ons_realtime_abmi_e4_registered,43,retained,0.04685095500553353,-0.21646727067542598,0.14849504288720755,0.25435358215881254,0.0010224656515400166,
ons_realtime_abmi_e4_registered,44,retained,-0.0828541412059561,-0.24809750250715348,0.03691949022488683,0.03910554431389274,-0.15934409685545048,
ons_realtime_abmi_e4_registered,45,retained,0.05095790646243033,0.00013752252167176238,0.1337338728316498,0.17843011782497545,-0.10846988732857571,
ons_realtime_abmi_e4_registered,46,retained,0.07251238237632172,0.07595579064025398,0.027407724050846127,0.17634173619955856,0.010344278614628222,
ons_realtime_abmi_e4_registered,47,retained,-0.08991432170880176,-0.06735610058197183,-0.11585349779599241,-0.2415773645048949,0.06512967604765207,
ons_realtime_abmi_e4_registered,48,retained,0.18274739987088578,0.008439460252532116,0.07702802762046979,-0.03209590659265993,0.6776180182032011,
ons_realtime_abmi_e4_registered,49,retained,0.09518039254186014,-0.10764024162255059,-0.03241923267024993,0.04069706708783405,0.48008397737240704,
ons_realtime_abmi_e4_registered,50,retained,0.04967704743817093,0.1236777899528913,0.048784061764366005,-0.055755955156157055,0.08200229319158348,
ons_realtime_abmi_e4_registered,51,retained,0.017201764107492093,0.05215885288678823,0.016107954712778927,-0.05814754354958401,0.058687792379985226,
ons_realtime_abmi_e4_registered,52,retained,-0.01318931510792954,-0.04827063363405895,-0.030634834531788835,-0.02058513542901963,0.046733343163149255,
ons_realtime_abmi_e4_registered,53,retained,-0.05055027149253795,-0.10857502900378235,-0.034790780274002675,-0.0509403021730912,-0.007894974519275566,
ons_realtime_abmi_e4_registered,54,retained,0.014266105563153608,-0.15922310856019717,0.13366990055472894,-0.007768863047446617,0.09038649330552928,
ons_realtime_abmi_e4_registered,55,retained,-0.0015621269431713158,0.004684426930150587,0.0071471987287174965,-0.039894170079966096,0.02181403664841275,
ons_realtime_abmi_e4_registered,56,retained,-0.044755927635794536,0.06310313280236424,0.0034603055907240776,-0.162120973310491,-0.08346617562577546,
ons_realtime_abmi_e4_registered,57,retained,-0.020010635319259132,-0.15264588908956245,-0.029965961865226876,-0.006573274056224043,0.10914258373397684,
ons_realtime_abmi_e4_registered,58,retained,-0.022853841075897677,-0.11439723658701295,0.036555856192556635,0.041095842101456226,-0.054669826010590616,
ons_realtime_abmi_e4_registered,59,retained,-0.06110842918840807,-0.3231815005685214,-0.016649211674680697,0.011210032469760434,0.08418696301980938,
ons_realtime_abmi_e4_registered,60,retained,0.11611756294730799,0.2505626622301818,0.11558794067301126,0.19841084918091295,-0.10009120029487406,
ons_realtime_abmi_e4_registered,61,retained,0.045904297303842115,0.0599244533657321,0.14278767695725525,0.02444113850895613,-0.04353607961657502,
ons_realtime_abmi_e4_registered,62,retained,0.05128428651459821,0.11875549749935328,0.08521137108007404,-0.06302419607922294,0.06419447355818847,
ons_realtime_abmi_e4_registered,63,retained,0.02080679062469752,-0.06041904273952686,0.00420209375123326,0.07041851115303654,0.06902560033404714,
ons_realtime_abmi_e4_registered,64,retained,-0.08011580903623082,0.05653533665385396,-0.09068222931132369,-0.18728355889431275,-0.0990327845931408,
ons_realtime_abmi_e4_registered,65,retained,-0.005773636858369808,0.05556520879935667,-0.2308740171430872,0.07009689622670656,0.08211736468354473,
ons_realtime_abmi_e4_registered,66,retained,0.13427486747957543,0.1330109916904092,0.06751205353384371,-0.09483017250983683,0.43140659720388563,
ons_realtime_abmi_e4_registered,67,retained,0.006614785239037496,-0.056446476249993216,0.178261249003416,0.04119562006236188,-0.13655125185963468,
ons_realtime_abmi_e4_registered,68,retained,0.06173401770003491,0.0064743304136838375,0.12472235967238338,0.08965880969582829,0.026080571018244125,
ons_realtime_abmi_e4_registered,69,retained,0.004349335946282971,-0.06339527785507015,-0.10617442489136614,0.2309148998664938,-0.043947853334925624,
ons_realtime_abmi_e4_registered,70,retained,0.09045366751673091,0.05266659948937891,0.10577345452670622,0.1482280747892246,0.05514654126161393,
ons_realtime_abmi_e4_registered,71,retained,0.10927876530542945,0.21451515319688352,0.11142690940806799,-0.06069774469653327,0.17187074331329955,
ons_realtime_abmi_e4_registered,72,retained,-0.009585729586232841,-0.024368387722428775,-0.09645441733751536,0.009051570092394823,0.07342831662261795,
ons_realtime_abmi_e4_registered,73,retained,-0.019687910652245386,-0.09091787051137606,0.006286812018756027,-0.12362212835569819,0.12950154423933669,
ons_realtime_abmi_e4_registered,74,retained,-0.006029126283781577,0.014626383176801427,0.051680179044583,-0.03533993780235739,-0.05508312955415334,
ons_realtime_abmi_e4_registered,75,retained,-0.003916029703599666,-0.06149268070433156,0.10536018622110754,-0.045891549951754596,-0.013640074379420053,
ons_realtime_abmi_e4_registered,76,retained,0.04563053602673663,-0.067325490494195,0.11118617200018427,-0.03539036474663282,0.1740518273475901,
ons_realtime_abmi_e4_registered,77,retained,0.00531682806621701,-0.0905514485303154,-0.015962377909200298,0.09960325313247742,0.028177885571906314,
ons_realtime_abmi_e4_registered,78,retained,-0.006027754073819794,0.1215787964164261,0.029760509866572415,-0.038866436900902857,-0.13658388567737484,
ons_realtime_abmi_e4_registered,79,retained,-0.10924941073080337,-0.151036558440301,-0.04028602167400552,-0.1306805594908474,-0.11499450331805955,
ons_realtime_abmi_e4_registered,80,retained,0.04618014311247945,0.12048216273080459,-0.08314713382272843,0.07603368833614543,0.0713518552056962,
ons_realtime_abmi_e4_registered,81,retained,0.018008536806054923,0.1344977990198376,-0.027311925010651605,-0.08915555161512456,0.054003824830158254,
ons_realtime_abmi_e4_registered,82,retained,-0.010729367728983717,-0.05836303836170953,0.07504162921569674,-0.07747587572780407,0.01787981395788199,
ons_realtime_abmi_e4_registered,83,retained,-0.013010648229256773,0.08246246369580484,-0.08309109062300829,-0.1871308081645272,0.13571684217470356,
ons_realtime_abmi_e4_registered,84,retained,-0.057643199699888806,-0.05558686606253849,-0.09485391847468422,-0.053865493854080126,-0.026266520408252392,
ons_realtime_abmi_e4_registered,85,retained,-0.07372039765893681,-0.07365335368616094,-0.30805550558847766,0.12809226265406026,-0.04126499401516892,
ons_realtime_abmi_e4_registered,86,retained,0.051787805924171745,0.02347997507046562,0.05174140735334276,-0.034231947243347716,0.16616178851622632,
ons_realtime_abmi_e4_registered,87,retained,-0.01175701275626398,-0.014380645207543674,0.007989305058288099,0.04846358519411048,-0.08910029606991082,
ons_realtime_abmi_e4_registered,88,retained,-0.025933230739569095,-0.021790054996642272,-0.009280996256572582,-0.07761952901394695,0.0049576573088854214,
ons_realtime_abmi_e4_registered,89,retained,0.041219571514053935,0.06413678089929414,-0.05584162955528904,0.12725771504011613,0.02932541967209451,
ons_realtime_abmi_e4_registered,90,retained,0.05064455880223659,-0.02512064858032098,-0.05596231184925271,0.22627027632674257,0.05739091931177748,
ons_realtime_abmi_e4_registered,91,retained,0.07962728197352673,0.08326929393816024,0.006122739576789549,0.07637138324053483,0.1527457111386223,
ons_realtime_abmi_e4_registered,92,retained,0.014375095309585917,0.11558584560031698,0.06666290783610351,-0.09610424133623124,-0.028644130861845585,
ons_realtime_abmi_e4_registered,93,retained,0.016429122513743434,-0.15063832845411668,-0.004356014368430361,0.07789903887300764,0.14281179400451313,
ons_realtime_abmi_e4_registered,94,retained,0.015359630423369103,-0.03601165600297751,-0.07423454326537704,0.0846097180447356,0.08707500291709536,
ons_realtime_abmi_e4_registered,95,retained,0.061227999602685046,0.09129552270602859,0.02053942973207501,0.07562975008902223,0.05744729588361436,
ons_realtime_abmi_e4_registered,96,retained,0.031571174353450276,-0.026403088869534685,0.08625659631290683,-0.053475119007816874,0.11990630897824583,
ons_realtime_abmi_e4_registered,97,retained,-0.047070233068640985,-0.038977670193369174,-0.05923531117987063,-0.05852694410324377,-0.03154100679808036,
ons_realtime_abmi_e4_registered,98,retained,0.012424420796653013,0.16066343129953958,-0.02113371264124647,-0.15489843626033856,0.0650664007886575,
ons_realtime_abmi_e4_registered,99,retained,0.03221299623280166,-0.03275554527873781,0.017409832404174597,-0.04663005424579636,0.1908277520515662,
ons_realtime_abmi_e4_registered,100,retained,0.04842628808399933,0.14914884203352718,-0.026993198529809637,0.055467360228855955,0.01608214860342383,
ons_realtime_abmi_e4_registered,101,retained,0.02383705166284815,0.08786301505049487,-0.03979356621871433,0.022320184167836876,0.024958573651775173,
ons_realtime_abmi_e4_registered,102,retained,-0.009069872601174304,-0.06358878618393127,0.07521198275780694,-0.2582131982378262,0.2103105112592533,
ons_realtime_abmi_e4_registered,103,retained,0.10128020770321206,0.277228444403974,0.014309939941936356,0.06477974358943367,0.04880270287750421,
ons_realtime_abmi_e4_registered,104,retained,0.08486765871766037,0.013817574091565032,0.009470813911678033,0.22868166944455787,0.08750057742284056,
ons_realtime_abmi_e4_registered,105,retained,-0.005065850337821684,0.11673852199543877,0.0691557778553194,-0.2271987927141359,0.021041091512090992,
ons_realtime_abmi_e4_registered,106,retained,0.023204838431161945,-0.06799498869032278,0.047767974930296386,0.08962375799288497,0.023422609491789204,
ons_realtime_abmi_e4_registered,107,retained,-0.08973026918772847,-0.07313054741307479,-0.0243519782605931,-0.043885770038069594,-0.2175527810391764,
ons_realtime_abmi_e4_registered,108,retained,-0.11564918920865887,-0.02719020920965598,-0.22729298951402813,-0.20796251701245144,-0.00015104109849994884,
ons_realtime_abmi_e4_registered,109,retained,0.08929775128311827,-0.09051129469607516,-0.001784032447300521,0.3961456437078427,0.053340688568006056,
ons_realtime_abmi_e4_registered,110,retained,0.025837891781744678,0.09384861106038045,0.04444369886425442,-0.22102065407665603,0.18607991127899987,
ons_realtime_abmi_e4_registered,111,retained,-0.01297015484593056,0.0910964651022288,0.06318624936805106,0.03850503806033084,-0.24466837191433294,
ons_realtime_abmi_e4_registered,112,retained,-0.014672578483141394,-0.08202334413177376,-0.033733882007635274,0.04795805793654295,0.009108854270300504,
ons_realtime_abmi_e4_registered,113,retained,-0.012763988053798594,0.14321628121251184,-0.19287252398770777,-0.0396650295774989,0.03826532013750045,
ons_realtime_abmi_e4_registered,114,retained,-0.0117350848274584,-0.10719487195603988,0.030668714062932256,-0.018114226770644004,0.04770004535391803,
ons_realtime_abmi_e4_registered,115,retained,-0.15818132104813482,-0.276903955559635,-0.04928575409496033,-0.10307576906195343,-0.20345980547599052,
ons_realtime_abmi_e4_registered,116,retained,0.037832601543373354,0.03739886464084041,-0.009054013493436652,0.2873026387968899,-0.16431708377080023,
ons_realtime_abmi_e4_registered,117,retained,0.046840738061079294,0.16879370551800485,-0.1252719946669037,0.07035169053572315,0.07348955085749287,
ons_realtime_abmi_e4_registered,118,retained,-0.09302475711412625,-0.21306020841997703,-0.06613505082724452,-0.07711434477798029,-0.015789424431303156,
ons_realtime_abmi_e4_registered,119,retained,0.06204016119235205,-0.0064530694800737365,-0.07621755111326778,0.14811463152496665,0.18271663383778305,
ons_realtime_abmi_e4_registered,120,retained,-0.04460192818864843,-0.09246863080970691,-0.02631654991030863,-0.06628893855366513,0.006666406519086954,
ons_realtime_abmi_e4_registered,121,retained,0.024706016937971198,0.14597893866058403,-0.03972266314076717,-0.02259634446884029,0.015164136700908215,
ons_realtime_abmi_e4_registered,122,retained,0.0069301105978056485,-0.20478425990307392,0.09538853321360752,0.0557181590882157,0.08139800999247329,
ons_realtime_abmi_e4_registered,123,retained,0.011805813677258435,-0.09598689155504203,-0.054389126770566065,-0.0992434726817534,0.29684274571639524,
ons_realtime_abmi_e4_registered,124,retained,0.006691376634272897,0.04448946672153653,0.046289983562504855,0.21587840461306138,-0.27989234836001115,
ons_realtime_abmi_e4_registered,125,retained,0.10293389718993617,0.06089291851127093,-0.004994557609683037,0.1414043691485405,0.21443285870961631,
ons_realtime_abmi_e4_registered,126,retained,0.023536724416802615,0.06080449826211998,-0.13552334995311327,0.08708203591265884,0.08178371344554491,
ons_realtime_abmi_e4_registered,127,retained,0.10714351816329151,0.2305930165033015,-0.13982168023626118,0.10879903723420103,0.2290036991519247,
ons_realtime_abmi_e4_registered,128,retained,0.03624035024219996,0.13034018017299553,0.07052675711591522,-0.019170173006563207,-0.03673536331354771,
ons_realtime_abmi_e4_registered,129,retained,0.01930621922712719,0.11162142830514948,0.020101260488734007,-0.021832295544653102,-0.03266551634072162,
ons_realtime_abmi_e4_registered,130,retained,-0.017057771158728745,-0.19578277303316216,0.026233553674362642,0.0010049657463447326,0.10031316897753981,
ons_realtime_abmi_e4_registered,131,retained,-0.07765570763065517,-0.12328015885067845,-0.28141591212991734,-0.04352102119321466,0.13759426165118976,
ons_realtime_abmi_e4_registered,132,retained,-0.031270399354914866,0.008139354850507208,-0.1491326423351811,0.044481141850452155,-0.02856945178543774,
ons_realtime_abmi_e4_registered,133,retained,0.07666988435908059,0.14274030968381063,0.0683066199294749,0.12125361901202203,-0.025621011188985188,
ons_realtime_abmi_e4_registered,134,retained,0.0005299365032383485,-0.1843388220177372,0.10798656720639677,0.039377158334714224,0.03909484248957962,
ons_realtime_abmi_e4_registered,135,retained,-0.011318281792477,-0.05717494998727207,-0.06266665097688573,0.03430345089382658,0.04026502290042322,
ons_realtime_abmi_e4_registered,136,retained,0.02418820139143852,0.22321215373890202,0.03642133053828067,-0.24951311573127796,0.08663243701984935,
ons_realtime_abmi_e4_registered,137,retained,0.07524378462129758,0.18517715779364938,-0.10434924516785382,0.2801437421414526,-0.05999651628205782,
ons_realtime_abmi_e4_registered,138,retained,-0.00885497571145931,-0.15844164097144203,0.0699608513599923,-0.06028913515759793,0.11335002192321042,
ons_realtime_abmi_e4_registered,139,retained,-0.014691279864682091,-0.33025337691703927,0.04249766390848175,0.20820096810115146,0.020789625448677684,
ons_realtime_abmi_e4_registered,140,retained,-0.049386627399886314,-0.16671632704835682,-0.07520901228474652,0.07262218059111983,-0.028243350857561744,
ons_realtime_abmi_e4_registered,141,retained,0.04179229173197492,0.11692130801036982,0.030060710130442425,-0.03605420345035587,0.05624135223744331,
ons_realtime_abmi_e4_registered,142,retained,-0.051259688903968884,0.0021659976190062658,-0.006244288066892811,-0.19344361086683703,-0.007516854301151954,
ons_realtime_abmi_e4_registered,143,retained,-0.04504866738236374,0.031173285762616854,-0.12580785036022507,-0.0014299369331848832,-0.08413016799866185,
ons_realtime_abmi_e4_registered,144,retained,0.025760364084209425,-0.023868135826880188,-0.018659634433185857,0.11826790409343735,0.027301322503466396,
ons_realtime_abmi_e4_registered,145,retained,-0.07222191879370049,-0.04436149110647036,0.10509498636222642,-0.026171832254217653,-0.32344933817634036,
ons_realtime_abmi_e4_registered,146,retained,-0.04668094928952764,0.02981393843599267,0.04420579214517767,-0.1412500361477762,-0.11949349159150469,
ons_realtime_abmi_e4_registered,147,retained,-0.03938181375137169,-0.18744177439621124,0.060367081785607346,-0.05335234912021897,0.022899786725336102,
ons_realtime_abmi_e4_registered,148,retained,0.006862728362534924,0.00835340492136738,0.11842764540756956,0.058979241998506016,-0.15830937887730326,
ons_realtime_abmi_e4_registered,149,retained,-0.010958381142439189,-0.08873768167928703,-0.0012048977350335166,0.036178107302982265,0.009930947541581525,
ons_realtime_abmi_e4_registered,150,retained,0.12126061460993774,0.49259093144570876,-0.04301182131623721,0.007433321570429419,0.02803002673985,
ons_realtime_abmi_e4_registered,151,retained,0.0336486045745199,-0.00618562296792996,0.10365587833627754,0.08199509540205213,-0.0448709324723201,
ons_realtime_abmi_e4_registered,152,retained,-0.0308180929855547,0.04947958931199353,0.0005416292967864722,-0.17469123250770785,0.0013976419567090503,
ons_realtime_abmi_e4_registered,153,retained,-0.05866231942019361,-0.09610457246535054,-0.003419891765606975,-0.05250451787050192,-0.082620295579315,
ons_realtime_abmi_e4_registered,154,retained,0.044814563818864436,0.0449471624288269,-0.011241072287053178,0.06648482430304353,0.07906734083064049,
ons_realtime_abmi_e4_registered,155,retained,-0.046866147241569484,-0.09295455788273699,-0.12106368692517916,0.009886069118507534,0.01666758672313068,
ons_realtime_abmi_e4_registered,156,retained,0.03271983071461089,-0.024303101661478255,-0.043718655398636175,0.05978895042532406,0.13911212949323393,
ons_realtime_abmi_e4_registered,157,retained,0.09420823037433101,0.19595954847200625,0.010822671947052276,-0.07125456878346892,0.24130526986173445,
ons_realtime_abmi_e4_registered,158,retained,0.00792876323435407,0.021852776976414856,0.1283270394240033,-0.11084057458936841,-0.007624188873633475,
ons_realtime_abmi_e4_registered,159,retained,-0.027388161947506692,-0.10636841329880714,-0.030520146152751115,-0.03617512529065248,0.06351103695218396,
ons_realtime_abmi_e4_registered,160,retained,0.03676798607496466,0.28932779534410785,-0.15948319041521897,-0.005566788987325433,0.022794128358295196,
ons_realtime_abmi_e4_registered,161,retained,0.023040266472132212,-0.024371870885509295,0.003159367804583868,0.040690567687161894,0.07268300128229238,
ons_realtime_abmi_e4_registered,162,retained,0.022155303748369118,0.062430233013482606,0.09314530182260028,0.09479098917106382,-0.16174530901367024,
ons_realtime_abmi_e4_registered,163,retained,0.07887150537380022,0.015426693263765723,0.11250028571847473,0.12729304903276323,0.06026599348019723,
ons_realtime_abmi_e4_registered,164,retained,0.017998188540804712,0.018340119311543057,0.1442200851378045,0.08818787750810009,-0.17875532779422879,
ons_realtime_abmi_e4_registered,165,retained,0.12590526538444993,0.30388061098227764,0.0039978206337715205,0.20892320876690523,-0.013180578845154667,
ons_realtime_abmi_e4_registered,166,retained,0.15966823680464612,0.3551959664519099,0.04327734364547886,0.16696093909986298,0.07323869802133276,
ons_realtime_abmi_e4_registered,167,retained,-0.04081835841984889,-0.28470024929863874,0.020534533648898956,0.013862304871164466,0.08702997709917976,
ons_realtime_abmi_e4_registered,168,retained,0.0625227073871717,0.16401573546467102,0.04162921766462102,-0.11452215937332166,0.1589680357927164,
ons_realtime_abmi_e4_registered,169,retained,-0.060909846552141225,0.028799529175156158,-0.35899723404925676,0.019185538205822084,0.06737278045971362,
ons_realtime_abmi_e4_registered,170,retained,0.02127774968783018,0.056003275865145086,0.08059002624771827,0.11016316786929109,-0.16164547123083373,
ons_realtime_abmi_e4_registered,171,retained,-0.058825793148820284,0.07835773441630178,-0.29921714503843466,-0.05156798453006428,0.037124222556916026,
ons_realtime_abmi_e4_registered,172,retained,0.09140119671202762,-0.08364459106165445,0.19616145982068534,0.2501230675447439,0.0029648505443357065,
ons_realtime_abmi_e4_registered,173,retained,0.05701211324347022,0.3074747208316811,-0.1163217905419981,-0.004555210008698574,0.04145073269289645,
ons_realtime_abmi_e4_registered,174,retained,0.09110833934671542,-0.04876208207164012,0.15822961975683397,0.13054007858002067,0.12442574112164717,
ons_realtime_abmi_e4_registered,175,retained,-0.011910617238748755,-0.17433575307362154,-0.004033128297576849,0.14988013413965023,-0.01915372172344687,
ons_realtime_abmi_e4_registered,176,retained,-0.07798289152235419,-0.1351829785986548,-0.2172134871252605,0.0567106109203491,-0.016245711285850506,
ons_realtime_abmi_e4_registered,177,retained,0.11115961362882222,0.16390125484825308,0.09346560816417498,0.12892204064190602,0.05834955086095478,
ons_realtime_abmi_e4_registered,178,retained,-0.014998828386191307,0.09934937918199827,0.029742499724081495,0.013173885953086717,-0.2022610784039317,
ons_realtime_abmi_e4_registered,179,retained,-0.05338675045082559,-0.17179166178785463,0.10739965030259885,-0.06386367800336934,-0.08529131231467724,
ons_realtime_abmi_e4_registered,180,retained,0.14080083998292858,0.07872903254541896,0.05632944741067103,0.17469643665876278,0.25344844331686156,
ons_realtime_abmi_e4_registered,181,retained,0.004420324467875741,-0.04343203161633591,-0.010498193281665735,0.1602412921519233,-0.08862976938241868,
ons_realtime_abmi_e4_registered,182,retained,-0.03631797216015643,-0.06828076156547622,-0.1463732194481132,0.06885832286601051,0.0005237695069532089,
ons_realtime_abmi_e4_registered,183,retained,-0.022031016510797197,-0.29684386474852664,0.09228803051609402,0.1133113210184668,0.00312044717077703,
ons_realtime_abmi_e4_registered,184,retained,0.01870669006991499,0.12662065313379717,0.023071908578848443,0.04703389412808223,-0.12189969556106789,
ons_realtime_abmi_e4_registered,185,retained,-0.045460250657901755,-0.1264708917257531,0.012994341797774145,-0.03138561463139067,-0.0369788380722374,
ons_realtime_abmi_e4_registered,186,retained,0.03606048517217067,0.147616034988507,0.021972646866537215,-0.12705494108558474,0.1017081999192232,
ons_realtime_abmi_e4_registered,187,retained,-0.06094172259323062,-0.019076843802016796,-0.02511917356076243,-0.0872617324679949,-0.11230914054214836,
ons_realtime_abmi_e4_registered,188,retained,-0.007357266765701545,0.0049206684579912174,-0.10859929320164396,0.15817947706644003,-0.08392991938559347,
ons_realtime_abmi_e4_registered,189,retained,-0.06949618261203336,-0.12496618962747291,-0.1041062283675383,0.10494704133905292,-0.15385935379217514,
ons_realtime_abmi_e4_registered,190,retained,-0.065554184676626,-0.08436196250908956,-0.08483809498489014,-0.061393505605420784,-0.03162317560710354,
ons_realtime_abmi_e4_registered,191,retained,-0.048607314873760216,-0.09183325944719734,-0.0014548049033729082,-0.06750843713218796,-0.03363275801228266,
ons_realtime_abmi_e4_registered,192,retained,0.14811784582590143,0.14510215434641122,0.24116239955350333,0.28237623540083967,-0.07616940599714855,
ons_realtime_abmi_e4_registered,193,retained,0.013345724915991175,0.11236259836193263,-0.014921160239226516,-0.09333509880390428,0.04927656034516287,
ons_realtime_abmi_e4_registered,194,retained,0.03552830247551987,-0.015937365536940917,-0.06090005802664972,0.21754270156347544,0.0014079319021946812,
ons_realtime_abmi_e4_registered,195,retained,0.06659082542136172,-0.003926037359567314,0.0576665790870049,0.020786445779464313,0.19183631417854496,
ons_realtime_abmi_e4_registered,196,retained,0.06927372394191049,0.02996050016112284,0.15261836155896352,0.17193667452760616,-0.07742064048005054,
ons_realtime_abmi_e4_registered,197,retained,0.07456555768515848,0.12541827433365738,0.000584831978858058,0.18529775033023455,-0.013038625902116074,
ons_realtime_abmi_e4_registered,198,retained,-0.01927262224316434,0.0036938703787767757,-0.04777959896567674,-0.03321957435118439,0.0002148139654269965,
ons_realtime_abmi_e4_registered,199,retained,-0.018044368926019766,-0.08434568063498843,0.04902241397278956,-0.04822487559091426,0.01137066654903407,
ons_realtime_abmi_e4_registered,200,retained,0.020340607199810068,0.08967128174417471,0.051443393103276835,-0.08795617674464895,0.028203930696437673,
ons_realtime_abmi_e4_registered,201,retained,-0.16296745991691525,-0.31113904406324716,-0.14145334497180556,-0.011784733398013836,-0.18749271723459449,
ons_realtime_abmi_e4_registered,202,retained,0.018882502332148332,-0.06124429686744515,0.20680458575228505,0.014129089923821225,-0.0841593694800678,
ons_realtime_abmi_e4_registered,203,retained,-0.051962089562983566,0.00030963742643186354,0.05578680574210515,0.033771386079535115,-0.2977161875000064,
ons_realtime_abmi_e4_registered,204,retained,-0.1004115469765063,0.028465160626904018,-0.051879221518346785,-0.11165646651333083,-0.2665756605012516,
ons_realtime_abmi_e4_registered,205,retained,0.004205936165468761,0.0025885844627586696,0.011829299678269678,-0.0326837649245042,0.035089625445350894,
ons_realtime_abmi_e4_registered,206,retained,-0.016333007657194434,0.012348031238175516,0.007153491247181787,-0.1350114879660152,0.05017793485188016,
ons_realtime_abmi_e4_registered,207,retained,-0.00043723314319794176,0.08227050803259509,-0.21023619773993557,0.033405964835907964,0.09281079229864075,
ons_realtime_abmi_e4_registered,208,retained,0.09955492996300508,0.035982944977388076,0.027640028043333986,0.06580678294858333,0.2687899638827149,
ons_realtime_abmi_e4_registered,209,retained,0.0503216947131581,-0.12600988006683844,0.15869340543576788,0.11526523198623939,0.053338021497463584,
ons_realtime_abmi_e4_registered,210,retained,0.06790795199364648,0.08458915578291173,0.013300877911136766,0.22762048754088315,-0.05387871326034571,
ons_realtime_abmi_e4_registered,211,retained,-0.04958038934950837,-0.19395369145195404,-0.0198162279548314,0.10665160371732177,-0.0912032417085698,
ons_realtime_abmi_e4_registered,212,retained,0.013809569598796576,0.03198387240674361,0.00970829521620975,0.22395252658910242,-0.21040641581686947,
ons_realtime_abmi_e4_registered,213,retained,0.04262629928655544,-0.019511518138271455,0.030304526959976652,0.1251571005347087,0.03455508778980787,
ons_realtime_abmi_e4_registered,214,retained,-0.04756205351227804,-0.008541932887524695,-0.006954597379357774,-0.0615541386677077,-0.11319754511452199,
ons_realtime_abmi_e4_registered,215,retained,-0.15294966273527552,-0.3743331084879875,-0.041227492064806026,-0.15200516171066078,-0.04423288867764774,
ons_realtime_abmi_e4_registered,216,retained,-0.050163925415384614,0.039787558166087256,-0.22662003814077242,0.005973379334577811,-0.019796601021431104,
ons_realtime_abmi_e4_registered,217,retained,-0.09744079188608135,-0.2788266885926284,-0.14850533623390572,0.15200447452023075,-0.11443561723802204,
ons_realtime_abmi_e4_registered,218,retained,-0.022290645361817407,-0.13740369204904962,0.0008959971897311014,0.06267653636198894,-0.015331422949940055,
ons_realtime_abmi_e4_registered,219,retained,0.10805338469441975,0.12666825484037658,-0.11776344089155877,0.2635733427517606,0.15973538207710059,
ons_realtime_abmi_e4_registered,220,retained,0.052545874394229364,0.16816079535793338,-0.004257158686435669,0.06870261312847115,-0.0224227522230514,
ons_realtime_abmi_e4_registered,221,retained,0.03999959887308367,-0.012451212175348503,0.03764746475518993,0.12068558473103125,0.014116558181462013,
ons_realtime_abmi_e4_registered,222,retained,-0.041179564075291886,-0.0019446847578046822,0.06193587728091965,-0.14920520735221504,-0.07550424147206747,
ons_realtime_abmi_e4_registered,223,retained,0.06310642283211863,-0.008646388973929997,0.20412262057199027,0.04590065118651898,0.011048808543895283,
ons_realtime_abmi_e4_registered,224,retained,-0.016791942312506053,-0.09997823581345211,0.022684567105639653,-0.014952508730664227,0.025078408188452472,
ons_realtime_abmi_e4_registered,225,retained,-0.06997818571133668,-0.24613304514743267,-0.07144757500266685,-0.08191194160232956,0.11957981890708234,
ons_realtime_abmi_e4_registered,226,retained,0.05831066434933971,-0.06240605521140574,0.1761009424190892,0.008210938064641238,0.11133683212503415,
ons_realtime_abmi_e4_registered,227,retained,-0.02175255485854373,-0.11676701494568403,-0.06040328498267444,0.089200061948916,0.0009600185452675603,
ons_realtime_abmi_e4_registered,228,retained,-0.017880484855190476,-0.06267062237705173,-0.03239055016668674,0.013996810801496451,0.009542422321480115,
ons_realtime_abmi_e4_registered,229,retained,-0.016046133623907805,0.10267550046343771,-0.0049688101255003225,-0.04935367404617019,-0.11253755078739841,
ons_realtime_abmi_e4_registered,230,retained,-0.03990234836396042,-0.02292700054951302,-0.08201962223036496,-0.0027898409371793775,-0.051872929738784324,
ons_realtime_abmi_e4_registered,231,retained,-0.05959750024850393,-0.053335582906319234,-0.03518193172642464,-0.05745010639213638,-0.09242237996913547,
ons_realtime_abmi_e4_registered,232,retained,0.04047358573490308,0.2126739202939614,-0.060824181817656864,0.04486693660827756,-0.03482233214496977,
ons_realtime_abmi_e4_registered,233,retained,0.020505251633232316,-0.10456599214353346,-0.045039205048168385,0.17311870047072314,0.058507503253907966,
ons_realtime_abmi_e4_registered,234,retained,0.047873537082353146,0.029518275246900094,0.01358671900443048,-0.009172354830515761,0.15756150890859777,
ons_realtime_abmi_e4_registered,235,retained,-0.000827108140655286,-0.0018145972374278285,0.04519501954654981,-0.13405265977059816,0.08736380489885504,
ons_realtime_abmi_e4_registered,236,retained,-0.0770264216673838,0.0011089549773267704,-0.16237128219436076,-0.12302505727867413,-0.023818302173827077,
ons_realtime_abmi_e4_registered,237,retained,0.05596031067869432,-0.06671575533042434,0.002883052829990407,0.16517685347075328,0.12249709174445794,
ons_realtime_abmi_e4_registered,238,retained,-0.08702132736081047,-0.2233791636435928,0.09043669435498813,-0.22785499657700647,0.012712156422369225,
ons_realtime_abmi_e4_registered,239,retained,-0.006310084775250427,0.1598529090416002,-0.015277740759932823,-0.1780505556967646,0.008235048314095494,
ons_realtime_abmi_e4_registered,240,retained,-0.07833794147964254,-0.05699914590732269,-0.18604404910669253,0.01944913853378505,-0.08975770943834,
ons_realtime_abmi_e4_registered,241,retained,-0.07338740985399465,0.036042711318550025,-0.19296734186302472,-0.14159288774098694,0.004967878869483022,
ons_realtime_abmi_e4_registered,242,retained,0.027227296788239035,0.010155947491121808,-0.1517795173945871,0.3133600865016486,-0.06282732944522718,
ons_realtime_abmi_e4_registered,243,retained,-0.09977673132967929,-0.08029808120506632,-0.07142981117410063,-0.09115090223496691,-0.15622813070458327,
ons_realtime_abmi_e4_registered,244,retained,0.003523934907014775,0.023931492479099148,-0.31014261740301874,0.19725377916719256,0.10305308538478614,
ons_realtime_abmi_e4_registered,245,retained,-0.11300717982110614,-0.10060284026565605,-0.20339614494149472,-0.185318366921308,0.037288632844034164,
ons_realtime_abmi_e4_registered,246,retained,0.0697710087162645,0.24575732838183434,-0.05572632445378117,0.05402258577205954,0.0350304451649453,
ons_realtime_abmi_e4_registered,247,retained,0.05401649787326169,0.12928122177562507,0.012054503825531304,0.1990398912105788,-0.12430962531868842,
ons_realtime_abmi_e4_registered,248,retained,-0.027859460807823186,-0.02047860076211394,0.022346294165016767,0.06931785422022563,-0.1826233908544212,
ons_realtime_abmi_e4_registered,249,retained,-0.07957297532974925,-0.021192822073374085,-0.039602479880392116,0.006008045637100473,-0.2635046450023313,
ons_realtime_abmi_e4_registered,250,retained,-0.09172305449144524,-0.4144382568235363,-0.0188693826591676,-0.13759373339389808,0.20400915491082094,
ons_realtime_abmi_e4_registered,251,retained,0.1680221460600439,0.043297010199578045,0.13048281897097352,0.18452276419348349,0.3137859908761406,
ons_realtime_abmi_e4_registered,252,retained,-0.02749625267787871,0.1580156262365906,0.030041204702304092,-0.3444984470767762,0.04645660542636665,
ons_realtime_abmi_e4_registered,253,retained,0.022141072587861937,-0.05071249515091247,0.025352559149606935,0.06060426454337714,0.05331996180937615,
ons_realtime_abmi_e4_registered,254,retained,0.04640802464046133,-0.09208243062235422,0.1926421334034754,0.08088141747124894,0.00419097830947518,
ons_realtime_abmi_e4_registered,255,retained,-0.058324858637252716,0.037514461246855035,-0.11827971817803479,-0.08541045029042837,-0.06712372732740274,
ons_realtime_abmi_e4_registered,256,retained,0.0008003216736049007,-0.019559983115262636,-0.0838779624869968,-0.018497527545419168,0.1251367598420982,
ons_realtime_abmi_e4_registered,257,retained,-0.000245662522230225,-0.06864778346721545,-0.17522325831558105,0.06629062792356027,0.17659776377031533,
ons_realtime_abmi_e4_registered,258,retained,0.006085914606772186,-0.07105699384093173,-0.04046418545641117,-0.04181529802831596,0.1776801357527476,
ons_realtime_abmi_e4_registered,259,retained,-0.09556264918270012,-0.09220351863396548,-0.27509085782501275,0.12022648619809861,-0.13518270646992087,
ons_realtime_abmi_e4_registered,260,retained,-0.04571852380594017,0.07032392430395701,-0.0940947322478719,-0.0128010008628473,-0.1463022864169985,
ons_realtime_abmi_e4_registered,261,retained,-0.06379526746806179,-0.05978247184000529,-0.00892635622346033,-0.07344352277724742,-0.11302871903153411,
ons_realtime_abmi_e4_registered,262,retained,0.044563087169465,-0.06472785290804722,-0.044236885256521585,0.11720535825268358,0.17001172858974523,
ons_realtime_abmi_e4_registered,263,retained,-0.01656846686990157,-0.017401017393595786,-0.03915933888227435,0.06331312563557762,-0.07302663683931376,
ons_realtime_abmi_e4_registered,264,retained,0.043003252757684934,0.0854447005631685,0.013772120177486635,0.2233962443602852,-0.1506000540702006,
ons_realtime_abmi_e4_registered,265,retained,-0.019703540658468598,0.06148937579190375,0.13051613806027396,-0.20364735027815983,-0.06717232620789226,
ons_realtime_abmi_e4_registered,266,retained,-0.023543701566223332,-0.287698918860286,-0.09401092733798899,0.16996348355492236,0.11757155637845929,
ons_realtime_abmi_e4_registered,267,retained,-0.07499660867805201,-0.3916565364078762,-0.007833597944142179,-0.006517793096412761,0.10602149273622308,
ons_realtime_abmi_e4_registered,268,retained,0.09293431721948445,0.025599520035973017,0.017053757163565053,0.1146826363950948,0.2144013552833049,
ons_realtime_abmi_e4_registered,269,retained,-0.039775226283245715,0.041311863467216714,0.03713673317678312,-0.11845005591566526,-0.11909944586131743,
ons_realtime_abmi_e4_registered,270,retained,0.024178082661965306,0.19112841812277487,0.008645903132859512,-0.10601745194578893,0.0029554613380157746,
ons_realtime_abmi_e4_registered,271,retained,-0.03195062457335905,-0.17233996888764425,0.11638490395005902,-0.02177313258369218,-0.0500743007721588,
ons_realtime_abmi_e4_registered,272,retained,0.021034615067423053,0.01145853499900662,0.027560507103962073,0.09189260927623916,-0.04677319110951564,
ons_realtime_abmi_e4_registered,273,retained,0.07823965564652399,0.04551862302234888,0.10067583002082126,0.1557072260878093,0.011056943455116541,
ons_realtime_abmi_e4_registered,274,retained,-0.001029355354380937,-0.02639053302070471,0.053732261386751023,-0.09909881062465015,0.06763966084108008,
ons_realtime_abmi_e4_registered,275,retained,0.08253271845972207,-0.049166332530332146,0.08016160104987624,0.3253363248484822,-0.026200719529137995,
ons_realtime_abmi_e4_registered,276,retained,0.005548567304337504,-0.029540868247095065,-0.024806408306531025,0.18867034836049146,-0.11212880258951535,
ons_realtime_abmi_e4_registered,277,retained,0.009440000543832771,-0.13901290509490954,0.09608707263501004,0.10658713497104885,-0.025901300335818264,
ons_realtime_abmi_e4_registered,278,retained,-0.012177869978599688,-0.11114563880046346,-0.14785301438035595,0.22230930717450895,-0.012022133908088317,
ons_realtime_abmi_e4_registered,279,retained,0.009074660951118065,-0.03218796293843251,-0.21383465113117142,0.08328927829551463,0.19903197957856156,
ons_realtime_abmi_e4_registered,280,retained,-0.010794792757723479,-0.11192381495703452,-0.19762255316001387,0.09862676226193726,0.16774043482421722,
ons_realtime_abmi_e4_registered,281,retained,-0.028648637160172408,-0.14063574548444685,-0.01241068589520622,0.014214213641772666,0.024237669097190773,
ons_realtime_abmi_e4_registered,282,retained,0.06083158780209624,0.19597980570904033,0.08723895634330825,-0.018282382472450343,-0.021610028371513268,
ons_realtime_abmi_e4_registered,283,retained,0.029556100737895413,0.00845633904002202,-0.07707697441719308,-0.11157786545173587,0.2984229037804886,
ons_realtime_abmi_e4_registered,284,retained,-0.14218246211646973,-0.04308786026243794,-0.12758659055884963,-0.013400372269843641,-0.38465502537474766,
ons_realtime_abmi_e4_registered,285,retained,0.02351763635676199,-0.020199519326068338,0.15551303256344579,-0.01216568112837041,-0.02907728668195908,
ons_realtime_abmi_e4_registered,286,retained,-0.0071024512275521465,-0.11780855739774346,-0.011760075462632247,0.1778232016869511,-0.07666437373678398,
ons_realtime_abmi_e4_registered,287,retained,-0.10047284455954059,-0.04778266976983303,-0.14909796516931617,-0.20413020300158638,-0.0008805402974267906,
ons_realtime_abmi_e4_registered,288,retained,-0.02572970465840356,-0.04417386526185757,-0.07105613427020102,-0.012861958900238613,0.025173139798682964,
ons_realtime_abmi_e4_registered,289,retained,0.04947853354127311,-0.11410016271099035,0.2163005885365259,0.05558462982428147,0.04012907851527542,
ons_realtime_abmi_e4_registered,290,retained,0.0866886989404648,-0.06436463263044795,0.003826886668918783,0.2469084216454438,0.16038412007794456,
ons_realtime_abmi_e4_registered,291,retained,0.04336274048771379,-0.041058556834580234,0.055739222699,0.09054374460769843,0.06822655147873696,
ons_realtime_abmi_e4_registered,292,retained,0.07072405909103566,0.21027216793224707,0.10363540028368529,-0.044125357370022655,0.01311402551823293,
ons_realtime_abmi_e4_registered,293,retained,0.04350851093517552,-0.04243794317952171,0.09680648083830529,0.014317524342725818,0.10534798173919269,
ons_realtime_abmi_e4_registered,294,retained,0.013254735057536951,0.017025348574360166,0.16407569133015237,-0.06727457423079497,-0.060807525443569765,
ons_realtime_abmi_e4_registered,295,retained,0.08274159121824605,0.024640364945737903,0.1206932078823621,0.08768784850357036,0.09794494354131383,
ons_realtime_abmi_e4_registered,296,retained,0.03375477273470671,0.18266774835832983,-0.07588395027985739,0.018726709678998782,0.009508583181355612,
ons_realtime_abmi_e4_registered,297,retained,-0.019218929947566188,-0.20595296407746683,0.10387296906924642,-0.03271289905097646,0.057917174268932115,
ons_realtime_abmi_e4_registered,298,retained,-0.026548235022089445,-0.11695195900922939,0.11080559977902854,-0.09688420352772759,-0.0031623773304293445,
ons_realtime_abmi_e4_registered,299,retained,-0.0021210381436425965,-0.17582382611650527,0.03932183237026199,0.09718012843328311,0.030837712738389783,
ons_realtime_abmi_e4_registered,300,retained,0.09313952425505016,-0.012094139033519913,0.3903221314734785,0.003030765227611143,-0.008700660647369074,
ons_realtime_abmi_e4_registered,301,retained,-0.06774265518298574,0.061163730868625366,-0.026021822136388817,-0.22949445383195088,-0.07661807563222861,
ons_realtime_abmi_e4_registered,302,retained,0.012912052871692128,-0.07483667815825557,0.11774008542933312,-0.03670923327979514,0.0454540374954861,
ons_realtime_abmi_e4_registered,303,retained,-0.019950333907693976,-0.008419343480663977,-0.009945207548987423,-0.0707239666155387,0.009287182014414197,
ons_realtime_abmi_e4_registered,304,retained,0.06484704601070262,-0.035267231555295875,0.06160098267316361,0.15580138397261228,0.07725304895233048,
ons_realtime_abmi_e4_registered,305,retained,-0.0618269490038673,-0.07746467374528626,-0.07887652574960441,-0.11979444200342981,0.028827845482851278,
ons_realtime_abmi_e4_registered,306,retained,-0.0799121833570869,-0.05566323148236582,0.04074375800962665,-0.1641004768682558,-0.14062878308735263,
ons_realtime_abmi_e4_registered,307,retained,0.031364534090458,-0.05355596289434161,-0.00020170629917648508,0.05617452992739813,0.12304127562795197,
ons_realtime_abmi_e4_registered,308,retained,-0.013090080246860834,-0.02029370072605416,0.16233287875824232,0.05371068149940489,-0.24811018051903638,
ons_realtime_abmi_e4_registered,309,retained,0.025951589215766,-0.11147110110104308,0.07262602166985627,-0.0692341206102774,0.2118855569045282,
ons_realtime_abmi_e4_registered,310,retained,-0.028634739203412113,0.053309777547153936,-0.13698533144282032,0.03331716110971361,-0.06418056402769567,
ons_realtime_abmi_e4_registered,311,retained,-0.05854662787358528,-0.00427070863624085,0.2151834128572203,-0.0014083920248164072,-0.44369082369050417,
ons_realtime_abmi_e4_registered,312,retained,-0.1209542213331586,-0.18887274066483328,-0.04278339021144384,0.044303073799355996,-0.29646382825571327,
ons_realtime_abmi_e4_registered,313,retained,0.025363703131979082,-0.050419954446793924,0.16570794969370606,0.13687558122572824,-0.15070876394472404,
ons_realtime_abmi_e4_registered,314,retained,0.015825102683449638,0.05098488005631202,0.16847998861849278,-0.11254850600300509,-0.04361595193800116,
ons_realtime_abmi_e4_registered,315,retained,0.00595795617212494,0.010917213151821703,-0.020870260658359063,0.00811571543488221,0.02566915676015491,
ons_realtime_abmi_e4_registered,316,retained,0.04591214599346552,0.15464638508088374,-0.04923570983286485,0.07412189238967798,0.004116016336165207,
ons_realtime_abmi_e4_registered,317,retained,-0.013132506912631937,-0.029587462318163726,0.014613483701771623,-0.01720186767259624,-0.02035418136153941,
ons_realtime_abmi_e4_registered,318,retained,-0.03067699841501794,-0.2193438456433712,0.11932191817211002,-0.0439912571465737,0.02130519095776312,
ons_realtime_abmi_e4_registered,319,retained,-0.16272698089122112,-0.37834087804809213,-0.051809826959752114,-0.04828266919204521,-0.172474549364995,
ons_realtime_abmi_e4_registered,320,retained,-0.0036790042219255054,0.03395859736214246,-0.03670824847347809,0.15387265788661847,-0.16583902366298486,
ons_realtime_abmi_e4_registered,321,retained,-0.11307337922324445,-0.35525480108858665,-0.10626132512077019,0.10847196593625319,-0.09924935661987419,
ons_realtime_abmi_e4_registered,322,retained,0.0913725038836033,-0.15307772016946342,0.255665932353055,0.07818054456895901,0.18472125878186255,
ons_realtime_abmi_e4_registered,323,retained,0.059551571891462235,0.023700050317487786,-0.124725645166672,0.21599550038972615,0.12323638202530701,
ons_realtime_abmi_e4_registered,324,retained,0.15614516206333356,0.027564061829581932,0.08342878328727699,0.40398545740187647,0.10960234573459887,
ons_realtime_abmi_e4_registered,325,retained,-0.015281926936683746,-0.17232453919417484,0.10578100375292526,-0.1069206730155251,0.1123365007100397,
ons_realtime_abmi_e4_registered,326,retained,0.09557502062401266,0.14130168789624617,0.2616926370827126,-0.2105242189091593,0.18982997642625113,
ons_realtime_abmi_e4_registered,327,retained,0.0045682287362058815,0.12854662967618474,0.004700327555317185,-0.051322249731810876,-0.06365179255486753,
ons_realtime_abmi_e4_registered,328,retained,-0.06708664648248273,0.0006618453162169358,-0.11316888418655097,-0.08727696208103342,-0.06856258497856349,
ons_realtime_abmi_e4_registered,329,retained,0.02814135097351418,0.27921399923876644,-0.024273638071302894,-0.1160207201610276,-0.02635423711237922,
ons_realtime_abmi_e4_registered,330,retained,0.06338723995702378,0.07251644682183533,0.07722916983499667,0.10598322290986528,-0.002179879738602175,
ons_realtime_abmi_e4_registered,331,retained,-0.007605953080669234,-0.027710370834570175,-0.07149536509434162,0.06875849548309965,2.342812313521625e-05,
ons_realtime_abmi_e4_registered,332,retained,0.018549474237994704,0.08813287021515881,-0.18110933194529882,0.0265433520234315,0.14063100665868733,
ons_realtime_abmi_e4_registered,333,retained,0.03105440255356809,0.2483300728048331,0.009416217711713415,-0.08037093878055235,-0.05315774152172181,
ons_realtime_abmi_e4_registered,334,retained,-0.0934636983761837,-0.2503899568368582,-0.0014349796302448592,-0.0713615437446875,-0.05066831329294419,
ons_realtime_abmi_e4_registered,335,retained,-0.06281746047619145,-0.05274307073772033,-0.0459685997825518,-0.015822358070053444,-0.13673581331444024,
ons_realtime_abmi_e4_registered,336,retained,-0.03669366718364499,-0.09486628090602878,0.08498101387368817,-0.21318132976259369,0.07629192806035434,
ons_realtime_abmi_e4_registered,337,retained,0.0724083628251567,0.03365115136972524,0.06501059195797676,0.13294461190435525,0.05802709606856957,
ons_realtime_abmi_e4_registered,338,retained,-0.06898622613368652,-0.1474968837112705,-0.07890309422184516,0.07810074798002087,-0.1276456745816513,
ons_realtime_abmi_e4_registered,339,retained,-0.08865816328340712,-0.10740677003330368,-0.12908787112336828,-0.09693283481886689,-0.02120517715808959,
ons_realtime_abmi_e4_registered,340,retained,-0.024717957140468802,-0.06425434131141117,0.007026380564973622,0.023333051816853856,-0.06497691963229152,
ons_realtime_abmi_e4_registered,341,retained,-0.23111719258942723,-0.1275215439835233,-0.6021677712905856,-0.24522361107926172,0.050444155995661766,
ons_realtime_abmi_e4_registered,342,retained,0.012647136733730961,-0.11778543503253666,0.1306512212754251,0.011304184112788884,0.02641857657924651,
ons_realtime_abmi_e4_registered,343,retained,-0.06250504230405145,-0.1273091212821792,-0.024593352209603347,-0.2105626825292533,0.11244498680483006,
ons_realtime_abmi_e4_registered,344,retained,-0.07579579748031011,0.023638892861407634,-0.13929643866969954,0.010252245638192492,-0.19777788975114102,
ons_realtime_abmi_e4_registered,345,retained,-0.0348512168376733,-0.08949324633850653,0.12800236036792656,-0.2189473683025357,0.04103338692242245,
ons_realtime_abmi_e4_registered,346,retained,0.004888464847580588,0.07568287251968919,0.08255611587562567,-0.07624276516877802,-0.06244236383621449,
ons_realtime_abmi_e4_registered,347,retained,0.06265532966537429,0.0059474122661490325,0.03680604241185237,0.1427241990238514,0.06514366495964435,
ons_realtime_abmi_e4_registered,348,retained,-0.01929406867021817,0.006323879281303957,-0.14954040647701994,-0.0059307936486607815,0.07197104616350408,
ons_realtime_abmi_e4_registered,349,retained,-0.03899020375358612,-0.004158529800635358,0.04768422804847655,-0.24543026001845167,0.045943746756266,
ons_realtime_abmi_e4_registered,350,retained,-0.05262903608982772,-0.18758360101816152,-0.11012953611462192,-0.028119542900404304,0.1153165356738769,
ons_realtime_abmi_e4_registered,351,retained,-0.01651878477843334,0.06978387667990094,-0.16645597174083998,-0.047696091965964915,0.0782930479131706,
ons_realtime_abmi_e4_registered,352,retained,-0.07954574759013255,0.032947642075298766,0.11919743493232982,-0.23539397080817667,-0.2349340965599821,
ons_realtime_abmi_e4_registered,353,retained,0.02578137848071399,0.11721413585582668,0.113418609360253,-0.06815472906905501,-0.05935250222416871,
ons_realtime_abmi_e4_registered,354,retained,-0.030267864099179614,0.09341408849619892,-0.13809215365791677,0.03423081761313307,-0.11062420884813368,
ons_realtime_abmi_e4_registered,355,retained,0.03891750269606995,0.14423295183823187,0.009041662385954496,0.15004663830223813,-0.1476512417421447,
ons_realtime_abmi_e4_registered,356,retained,-0.04297084909929395,-0.027195991461435032,0.09091484076435796,-0.12990292926624447,-0.10569931643385427,
ons_realtime_abmi_e4_registered,357,retained,-0.007589670643638455,-0.06144300282393589,0.03192205243429247,0.09451865284056393,-0.09535638502547433,
ons_realtime_abmi_e4_registered,358,retained,-0.028437395779717517,0.08634908955781151,0.07209924490549496,-0.2799196004834429,0.007721682901266347,
ons_realtime_abmi_e4_registered,359,retained,-0.04869223745614899,-0.09745606907388671,-0.30319910411374584,0.0545578423764258,0.15132838098661078,
ons_realtime_abmi_e4_registered,360,retained,0.0021416795292200502,-0.1530599394060448,-0.007949281910737627,0.20272125224560056,-0.033145312811937944,
ons_realtime_abmi_e4_registered,361,retained,-0.035388251930685746,-0.164074736920565,0.08976275443017928,0.13590778953053329,-0.20314881476289054,
ons_realtime_abmi_e4_registered,362,retained,0.10067579879169757,-0.10225920543698819,0.014999164921447927,0.1877051470440938,0.3022580886382367,
ons_realtime_abmi_e4_registered,363,retained,-0.07222821668870799,0.012038062961604534,0.07101538541037161,-0.24219362953351042,-0.1297726855932977,
ons_realtime_abmi_e4_registered,364,retained,0.01702709288301691,-0.17960189712183688,-0.03441187183906075,0.22175467507245947,0.060367465420505806,
ons_realtime_abmi_e4_registered,365,retained,-0.0492631339961729,-0.12327201672828264,0.1485706465186612,-0.05183213531341657,-0.1705190304616536,
ons_realtime_abmi_e4_registered,366,retained,0.031074507897556322,0.06800602407035738,0.09989068964539793,-0.12065505607780491,0.07705637395227488,
ons_realtime_abmi_e4_registered,367,retained,-0.0891814156700545,0.10489846647588263,-0.1431624179885243,-0.28367178249264935,-0.03478992867492697,
ons_realtime_abmi_e4_registered,368,retained,-0.05171078328910311,-0.1614976943801019,-0.14811093805990577,0.08461347907639838,0.01815202020719686,
ons_realtime_abmi_e4_registered,369,retained,-0.06398445337025403,-0.06529627068671034,0.08711691906834995,-0.01598452432103803,-0.2617739375416177,
ons_realtime_abmi_e4_registered,370,retained,-0.02937756826460315,-0.03634030905500185,-0.0723590202029098,0.15709370130121092,-0.16590464510171188,
ons_realtime_abmi_e4_registered,371,retained,-0.07752728114821902,-0.01445622959481585,0.015361915552420724,-0.3690888474110561,0.05807403686057511,
ons_realtime_abmi_e4_registered,372,retained,0.08827809138508091,0.07743724722030876,0.03176701257050596,0.2174121404117879,0.026495965337721028,
ons_realtime_abmi_e4_registered,373,retained,-0.03544741741260989,0.022132771062957413,0.04045568568350022,-0.04729061920389965,-0.15708750719299755,
ons_realtime_abmi_e4_registered,374,retained,-0.006022340056027316,0.22933563261007384,-0.20872484848571038,-0.1325794150031288,0.08787927065465609,
ons_realtime_abmi_e4_registered,375,retained,0.028909305354481454,0.2012835322212665,-0.017490848506051093,-0.1619202953161344,0.0937648330188448,
ons_realtime_abmi_e4_registered,376,retained,0.026282314785794444,0.025177995540138,0.0015257318201344905,0.2175887121527636,-0.1391631803698583,
ons_realtime_abmi_e4_registered,377,retained,0.13991453447705357,0.1857875365707367,0.06045177008317204,0.0546797556736931,0.25873907558061243,
ons_realtime_abmi_e4_registered,378,retained,0.06862526762074493,-0.023164579386998452,0.02423318220352999,0.23234423220943978,0.041088235457008404,
ons_realtime_abmi_e4_registered,379,retained,0.03097336925582181,0.03219296674233996,-0.036867546236281745,0.0009067550222998655,0.12766130149492916,
ons_realtime_abmi_e4_registered,380,retained,-0.1580970612602519,-0.17657247386028196,-0.09980063563736724,-0.31052364327109017,-0.04549149227226812,
ons_realtime_abmi_e4_registered,381,retained,0.06605310706511376,0.07412172080422363,0.021770574314157853,0.04671698535998592,0.12160314778208764,
ons_realtime_abmi_e4_registered,382,retained,-0.03644066431649154,-0.15711860022156765,0.09717752095037413,0.06693129993861296,-0.1527528779333856,
ons_realtime_abmi_e4_registered,383,retained,-0.049640661771155684,0.04951759849849369,0.01709841942149437,-0.0790346439823732,-0.1861440210222376,
ons_realtime_abmi_e4_registered,384,retained,0.1112513387770179,0.15384019256653997,0.12220402005879488,-0.062206347951022256,0.231167490433759,
ons_realtime_abmi_e4_registered,385,retained,0.0048454308414517255,0.04595566354654246,-0.027479163465854106,-0.06340002278316353,0.06430524606828208,
ons_realtime_abmi_e4_registered,386,retained,0.017391520502715772,0.12093547668595123,-0.1515913447563212,0.23663943796292694,-0.1364174878816939,
ons_realtime_abmi_e4_registered,387,retained,-0.09412674504527335,0.04219101712432444,-0.20178929695054432,-0.04301590695651858,-0.17389279339835495,
ons_realtime_abmi_e4_registered,388,retained,0.013749209901712647,0.055898740086384846,-0.011072425581228784,0.12719211791169172,-0.11702159280999719,
ons_realtime_abmi_e4_registered,389,retained,0.011510586036835163,-0.061525913250154884,-0.06414328797768226,0.15030211116821013,0.02140943420696767,
ons_realtime_abmi_e4_registered,390,retained,0.08516888834161829,0.07406357757458201,0.10052764457064611,0.046297525674968365,0.11978680554627669,
ons_realtime_abmi_e4_registered,391,retained,-0.05587227627454279,-0.006292409315899361,-0.024461008944253015,-0.20934266444240368,0.016606977604384898,
ons_realtime_abmi_e4_registered,392,retained,-0.010659803195441672,-0.0739966530746049,0.21431112606030173,-0.14933713318704017,-0.03361655258042334,
ons_realtime_abmi_e4_registered,393,retained,-0.015409771538305861,0.05964207223696927,-0.02123242698189709,-0.06534170458956695,-0.03470702681872867,
ons_realtime_abmi_e4_registered,394,retained,-0.04099567855853982,-0.060389518480208904,-0.0691309579982336,-0.02647979217906915,-0.007982445576647623,
ons_realtime_abmi_e4_registered,395,retained,-0.01590754251510365,0.1091675625098355,-0.0031629026928225445,-0.10222531333817148,-0.06740951653925609,
ons_realtime_abmi_e4_registered,396,retained,-0.04786261245953537,-0.050752653590889096,-0.07918901085093744,-0.002324512085397523,-0.05918427331091741,
ons_realtime_abmi_e4_registered,397,retained,0.03389218800827287,0.0006345915001457758,0.08992472470047075,0.05966103617450125,-0.014651600342026283,
ons_realtime_abmi_e4_registered,398,retained,0.04672905601370972,0.10827762180801559,0.09439077940805973,0.03540035373733569,-0.051152530898572135,
ons_realtime_abmi_e4_registered,399,retained,0.0982970488662463,-0.04983559081749256,-0.01398555549112196,0.19831113676339868,0.258698205010201,
ons_realtime_abmi_e4_registered,400,retained,-0.08197683483375232,-0.04130023951579587,-0.20971647911893157,-0.13578669032270685,0.058896069622424996,
ons_realtime_abmi_e4_registered,401,retained,0.004752469200536652,-0.03331378394553963,0.03898641725958585,-0.03380218402585922,0.04713942751395961,
ons_realtime_abmi_e4_registered,402,retained,-0.04056833031863385,-0.027320982275611416,0.11174418334993397,-0.06346687443771229,-0.18322964791114565,
ons_realtime_abmi_e4_registered,403,retained,-0.09689792449696896,-0.09425302575346206,-0.010218283560744834,-0.07550644484154811,-0.20761394383212084,
ons_realtime_abmi_e4_registered,404,retained,-0.08467701001942275,0.16154964571293007,-0.3510637382024565,0.01376687861154241,-0.16296082619970698,
ons_realtime_abmi_e4_registered,405,retained,-0.0019889842530569357,-0.12836565827186075,0.07354163210800313,0.014019179432312068,0.03284890971931781,
ons_realtime_abmi_e4_registered,406,retained,0.0014621126843171114,0.016623821897388036,-0.12300807566894295,0.0030516148482657712,0.10918108966055759,
ons_realtime_abmi_e4_registered,407,retained,0.0216921534356542,0.2419226581670752,-0.034794741427283504,-0.13618512377618264,0.015825820779007738,
ons_realtime_abmi_e4_registered,408,retained,0.023015866963636163,-0.06966918206994244,0.008177347486029315,0.09158552405990383,0.06196977837855394,
ons_realtime_abmi_e4_registered,409,retained,0.005620446290368619,-0.07062050202108616,0.09366980484724141,-0.0809989681708092,0.08043145050612843,
ons_realtime_abmi_e4_registered,410,retained,0.019657719487941247,0.019155259519121892,0.05312866675621142,-0.18339148155724833,0.18973843323368,
ons_realtime_abmi_e4_registered,411,retained,0.0309182124024543,0.024172524655881933,-0.03146636582234652,0.19154692109054236,-0.060580230314260575,
ons_realtime_abmi_e4_registered,412,retained,-0.010730526034698679,-0.04485044655096787,0.042050179377136954,-0.029910722297390946,-0.010211114667572851,
ons_realtime_abmi_e4_registered,413,retained,-0.014562492011080612,0.019622280885702503,-0.016623080968613924,0.04301536381354806,-0.10426453177495909,
ons_realtime_abmi_e4_registered,414,retained,-0.025185911005360096,0.06195752684120914,0.05018598858523915,-0.10271660813672479,-0.11017055131116389,
ons_realtime_abmi_e4_registered,415,retained,0.016690841232826437,-0.06675731794999862,-0.07968252746198345,0.10689648735256552,0.1063067229907223,
ons_realtime_abmi_e4_registered,416,retained,-0.04867021054003742,0.05443145595705706,0.006400239801236995,-0.19075885690383498,-0.06475368101460877,
ons_realtime_abmi_e4_registered,417,retained,0.02000050438397953,0.008426065298701713,0.015263162699479915,0.06545568873719015,-0.009142899199453658,
ons_realtime_abmi_e4_registered,418,retained,-0.1159684358933899,-0.046105752010374035,-0.09377144487588196,-0.09148498511018766,-0.23251156157711592,
ons_realtime_abmi_e4_registered,419,retained,0.1341120059641052,0.20531056707714146,-0.05318910773196606,0.1551878131478554,0.22913875136338993,
ons_realtime_abmi_e4_registered,420,retained,0.014321573037933945,0.014578536561683841,-0.02763459287792136,0.03889867121783053,0.03144367725014277,
ons_realtime_abmi_e4_registered,421,retained,-0.08977886588583675,-0.13344225124719067,0.3292607849414566,-0.219819115613154,-0.33511488162445896,
ons_realtime_abmi_e4_registered,422,retained,0.11097846694834929,0.017388756528275096,0.2243750518588289,0.0466254005907315,0.15552465881556166,
ons_realtime_abmi_e4_registered,423,retained,-0.08856110632474032,-0.4006520429426671,0.015452534709560373,0.029480158125535894,0.0014749248086095568,
ons_realtime_abmi_e4_registered,424,retained,-0.03499146064239986,-0.09600516282436217,0.06733083544819107,-0.2009911430050358,0.08969962781160745,
ons_realtime_abmi_e4_registered,425,retained,0.007380661814768971,0.0028924904493969894,0.05247487885587809,0.03650207093247798,-0.06234679297867718,
ons_realtime_abmi_e4_registered,426,retained,-0.08107964924479147,-0.24788518618914696,0.08982928267159535,0.06123631953083608,-0.22749901299245034,
ons_realtime_abmi_e4_registered,427,retained,0.053041052162030464,0.0328781811329425,0.12563925769438422,0.0033450381649789973,0.05030173165581614,
ons_realtime_abmi_e4_registered,428,retained,0.04144931678968329,0.12607533905573448,-0.1275186442447892,0.016931150316772225,0.15030942203101566,
ons_realtime_abmi_e4_registered,429,retained,-0.08013554366267386,0.0005097350055479066,-0.10150816941803942,-0.15935389222509405,-0.06018984801310989,
ons_realtime_abmi_e4_registered,430,retained,-0.03709095941835511,-0.06061661035415289,-0.1208683992548848,0.007570312806347235,0.02555085912927002,
ons_realtime_abmi_e4_registered,431,retained,-0.09574570977385796,0.05885287488847757,-0.12333727184234566,-0.11311349990418937,-0.20538494223737436,
ons_realtime_abmi_e4_registered,432,retained,0.07360665926859417,0.23334159881265648,0.035301006454629025,0.061990069007474724,-0.036206037200383595,
ons_realtime_abmi_e4_registered,433,retained,0.0022681165970471415,-0.05606064139879924,-0.017002528999747413,0.02419525235972919,0.057940384427006025,
ons_realtime_abmi_e4_registered,434,retained,0.0045442850525369005,-0.16993651414489103,-0.07856533182823688,0.2185840252445126,0.04809496093876292,
ons_realtime_abmi_e4_registered,435,retained,-0.016749048296574767,-0.08700411319879514,0.11653886063935859,0.009360284727661233,-0.10589122535452375,
ons_realtime_abmi_e4_registered,436,retained,0.02554285860556532,0.12303661085453627,0.04859656207441121,0.05867542720184765,-0.12813716570853384,
ons_realtime_abmi_e4_registered,437,retained,0.07322975126882303,0.004110265047166162,0.18778916757331532,0.21120503255000794,-0.11018546009519731,
ons_realtime_abmi_e4_registered,438,retained,-0.0008995971621181195,-0.05633809936069856,-0.08892726021815883,-0.024001713463111973,0.16566868439349688,
ons_realtime_abmi_e4_registered,439,retained,-0.10616637037318347,-0.030990384659554504,-0.0665326867833641,-0.278573387693077,-0.04856902235673827,
ons_realtime_abmi_e4_registered,440,retained,-0.08418222253012805,-0.2993170774073835,-0.015408496905813085,-0.08809253120503824,0.06608921539772261,
ons_realtime_abmi_e4_registered,441,retained,-0.007745185179902261,-0.04015428407336219,-0.046477355660953124,-0.033344516203346386,0.08899541521805265,
ons_realtime_abmi_e4_registered,442,retained,-0.11877025347833453,-0.02351237190201161,-0.23649293685709716,0.049786750632843324,-0.2648624557870727,
ons_realtime_abmi_e4_registered,443,retained,-0.027344715567247643,-0.0626778828962335,0.0906211458828069,-0.10410364465986854,-0.03321848059569543,
ons_realtime_abmi_e4_registered,444,retained,0.022742018668004092,-0.2595222140530907,0.16042114747921868,-0.12421237150275316,0.3142815127486416,
ons_realtime_abmi_e4_registered,445,retained,0.02845744166165118,0.07932366095017795,-0.06973227654436476,-0.20200170139660145,0.30624008363739297,
ons_realtime_abmi_e4_registered,446,retained,0.03227455649369036,0.14640380757683352,-0.018910281518579986,-0.025118767600660896,0.02672346751716881,
ons_realtime_abmi_e4_registered,447,retained,-0.012469055157592432,-0.0766515332597833,0.02413868464288005,0.08908842875815026,-0.08645180077161674,
ons_realtime_abmi_e4_registered,448,retained,-0.008096610743989208,-0.17873088347340615,0.03750590575307178,0.09174442072975697,0.017094114014620576,
ons_realtime_abmi_e4_registered,449,retained,0.10924563228919923,-0.028103001455964782,0.13052095044109385,0.17480886374462928,0.15975571642703856,
ons_realtime_abmi_e4_registered,450,retained,0.034806526215975964,0.13853937549930617,-0.11291066105294473,0.09129950257153752,0.022297887846004893,
ons_realtime_abmi_e4_registered,451,retained,-0.08322502821978928,-0.18850214829513084,-0.21358589473363002,0.1563786877730082,-0.08719075762340442,
ons_realtime_abmi_e4_registered,452,retained,0.11782055816352646,-0.04517955215645908,0.2751180512709499,0.11321752343653044,0.1281262101030846,
ons_realtime_abmi_e4_registered,453,retained,-0.17745258204522574,-0.11823611002362022,-0.310406608084684,-0.17506400543408968,-0.1061036046385091,
ons_realtime_abmi_e4_registered,454,retained,0.07865259026600338,0.014667723205982697,0.23094799629888407,0.12116028936413462,-0.052165647804987905,
ons_realtime_abmi_e4_registered,455,retained,-0.056864223503289874,-0.08074777620118445,0.0010114800785528955,-0.23738300597297984,0.0896624080824519,
ons_realtime_abmi_e4_registered,456,retained,-0.03944080888437742,-0.049827456822907096,-0.09766748183543078,0.0380068441453027,-0.0482751410244745,
ons_realtime_abmi_e4_registered,457,retained,0.011032406752142274,-0.13754965145952397,0.02198877343480593,0.05526448699457609,0.10442601803871104,
ons_realtime_abmi_e4_registered,458,retained,0.0007002905154879571,0.0005370877523668827,-0.02010406088308786,-0.09798872941095305,0.12035686460362585,
ons_realtime_abmi_e4_registered,459,retained,0.01758324086322615,0.011853859249817467,0.023699503117440957,0.018817767049157164,0.015961834036489014,
ons_realtime_abmi_e4_registered,460,retained,-0.0013419993267705377,-0.04866201995580122,0.014663145547270995,0.09360391214393188,-0.0649730350424838,
ons_realtime_abmi_e4_registered,461,retained,-0.09421223546932324,0.034328371818974523,-0.14483289132119342,-0.19779792833960191,-0.06854649403547214,
ons_realtime_abmi_e4_registered,462,retained,-0.01711527209519355,0.010433385406158069,-0.010265140898638947,-0.07699049799865565,0.008361165110362334,
ons_realtime_abmi_e4_registered,463,retained,0.05082749225737507,0.25541487975864496,-0.04891036986760833,-0.009431545048624201,0.006237004187087836,
ons_realtime_abmi_e4_registered,464,retained,-0.08214440579085915,-0.04894719710188125,-0.028661526635355372,-0.07363676373134898,-0.17733213569485098,
ons_realtime_abmi_e4_registered,465,retained,0.10808846835013625,0.2598169172279858,0.10898750208056956,-0.15009663992050512,0.2136460940124948,
ons_realtime_abmi_e4_registered,466,retained,-0.040219968499335984,-0.0007369228658383742,0.017465950266906893,-0.21280382006472542,0.03519491866631297,
ons_realtime_abmi_e4_registered,467,retained,-0.11169590539441146,-0.28135390499494695,-0.10450687422154337,-0.0817717978508592,0.02084895548970367,
ons_realtime_abmi_e4_registered,468,retained,-0.013350588209106187,-0.22831248801472864,0.08463782439739798,-0.048693317476145304,0.13896562825705122,
ons_realtime_abmi_e4_registered,469,retained,0.015176799737719876,0.17110304129600842,0.0835233318286791,0.012492593391053797,-0.2064117675648618,
ons_realtime_abmi_e4_registered,470,retained,-0.16419110113587118,-0.10482521774287323,0.14845190788390283,-0.3540908200532877,-0.34630027463122665,
ons_realtime_abmi_e4_registered,471,retained,0.0697483610144316,0.12680774083603363,-0.11580389817509873,0.2641643254905153,0.0038252759062762376,
ons_realtime_abmi_e4_registered,472,retained,-0.000222290396174607,-0.09203517621327811,0.041174440613379604,0.08963671839757395,-0.03966514438237387,
ons_realtime_abmi_e4_registered,473,retained,-0.000806598273091784,-0.048286474568911664,0.02819984586945412,-0.056279658701412494,0.0731398943085029,
ons_realtime_abmi_e4_registered,474,retained,0.03485613844783648,0.17110291128072483,0.00120665489229288,0.056730602583434264,-0.08961561496510606,
ons_realtime_abmi_e4_registered,475,retained,0.015769540311046423,0.26165395586444173,-0.0047565159542165,-0.040303434789525194,-0.15351584387651435,
ons_realtime_abmi_e4_registered,476,retained,-0.012874123190828604,-0.05980442842627315,-0.021304687287194035,-0.038530773159263676,0.06814339610941644,
ons_realtime_abmi_e4_registered,477,retained,-0.035477746069558586,-0.21845318461460428,-0.04602824390545862,0.031653284552803806,0.09091715968902475,
ons_realtime_abmi_e4_registered,478,retained,0.017350109772729605,0.057745598546474985,0.028825526591015838,-0.10519987570521205,0.08802918965863965,
ons_realtime_abmi_e4_registered,479,retained,0.07269467808293395,0.006454349750622257,-0.054016982466744135,0.08358279443946715,0.25475855060839053,
ons_realtime_abmi_e4_registered,480,retained,-0.06762443581541264,-0.13518699442534388,0.045519860487121866,-0.227793565269228,0.04696295594579947,
ons_realtime_abmi_e4_registered,481,retained,-0.15623909380255802,-0.02125434473328991,-0.4376733950435203,0.02286266163692896,-0.18889129707035074,
ons_realtime_abmi_e4_registered,482,retained,-0.0039615015908379125,-0.04654503805612398,-0.039841593865827474,-0.023983310245291767,0.09452393580389157,
ons_realtime_abmi_e4_registered,483,retained,-0.051035813442372874,-0.3227277230620264,0.08894233203127866,0.08273851705221247,-0.053096379790956216,
ons_realtime_abmi_e4_registered,484,retained,-0.10255187219237542,-0.05559116299545014,0.007784079741612104,-0.2225213392262123,-0.13987906628945135,
ons_realtime_abmi_e4_registered,485,retained,-0.07025548493384677,-0.10193139846902805,-0.07169731061920015,-0.16429256768486766,0.056899337037708775,
ons_realtime_abmi_e4_registered,486,retained,-0.015661550416254916,0.06018278589242071,0.04430804970985808,-0.18830242388103696,0.021165386613738513,
ons_realtime_abmi_e4_registered,487,retained,0.014238897459154048,-0.08077662387468487,-0.029571735792962017,-0.11469445419334734,0.2819984036976104,
ons_realtime_abmi_e4_registered,488,retained,0.018187399753583057,-0.0041249467681907515,0.0013312859125087506,-0.061970961625227916,0.13751422149524214,
ons_realtime_abmi_e4_registered,489,retained,0.006031836688545657,0.053935118141130556,0.026965545328308693,0.045591753427320275,-0.1023650701425769,
ons_realtime_abmi_e4_registered,490,retained,-0.1171313451696907,-0.22636809214209508,-0.11465727942166914,-0.19372172326256734,0.06622171414756872,
ons_realtime_abmi_e4_registered,491,retained,0.008751255597231972,-0.14286441600350946,0.08190458640991227,-0.06386774938511286,0.15983260136763794,
ons_realtime_abmi_e4_registered,492,retained,0.02981723652430178,-0.20111077960637883,0.10967104188943766,0.21303477681519897,-0.0023260930010506886,
ons_realtime_abmi_e4_registered,493,retained,-0.035068288295336814,0.0960763962445283,0.031867370688206886,-0.3246246449916951,0.05640772487761264,
ons_realtime_abmi_e4_registered,494,retained,-0.09033118761333898,-0.23561232127219023,0.02811201563486404,-0.0738534418606942,-0.07997100295533555,
ons_realtime_abmi_e4_registered,495,retained,0.038161242857540634,-0.11091802859101074,-0.05278020951228923,0.13896773762394787,0.17737547190951464,
ons_realtime_abmi_e4_registered,496,retained,0.0019151798805783424,0.03840849440637578,-0.05729853720605399,0.15059500010927454,-0.12404423778728296,
ons_realtime_abmi_e4_registered,497,retained,0.02484182488511817,-0.02749470555904787,-0.0923122249552748,0.13487057324266538,0.08430365681212998,
ons_realtime_abmi_e4_registered,498,retained,-0.0603764688506965,0.028625826544977473,0.050036532601829664,-0.04726049060620552,-0.2729077439433876,
ons_realtime_abmi_e4_registered,499,retained,0.024481912560675792,0.011955517718308162,0.07880198119430226,-0.02150134551048266,0.028671496840575406,
ons_realtime_abmi_e4_registered,500,retained,-0.15598276282262843,-0.24524309897114835,-0.13964617998683126,-0.019582041373769232,-0.21945973095876484,
ons_realtime_abmi_e4_registered,501,retained,0.08226650278505222,0.02716029507204787,0.1526383532337588,-0.03508247129173314,0.18434983412613537,
ons_realtime_abmi_e4_registered,502,retained,-0.0423864930843163,-0.025167325919816075,-0.11057372764436901,-0.04479677658570064,0.01099185781262052,
ons_realtime_abmi_e4_registered,503,retained,0.03610036439534728,0.1865180914475632,-0.06693474384657627,0.09062378709607971,-0.06580567711567752,
ons_realtime_abmi_e4_registered,504,retained,-0.02507230706341359,0.1234147424148353,-0.24191915170528572,-0.0917061369027819,0.10992131793957796,
ons_realtime_abmi_e4_registered,505,retained,0.0013513869698595499,-0.021860611751242487,0.03913315232776016,0.069387650099071,-0.08125464279615047,
ons_realtime_abmi_e4_registered,506,retained,-0.013254729095409278,-0.06713030536989101,0.05737946781436526,0.12375667731239337,-0.16702475613850473,
ons_realtime_abmi_e4_registered,507,retained,0.007465779775985976,0.1370573290530923,0.005573758993519529,-0.22230661042290067,0.10953864148023273,
ons_realtime_abmi_e4_registered,508,retained,-0.013206673941122453,0.21458182440771933,-0.0918870659834794,-0.08090761656153223,-0.09461383762719752,
ons_realtime_abmi_e4_registered,509,retained,-0.011615148957297039,-0.12146527664154466,-0.08987203408019717,0.05577879877980252,0.10909791611275116,
ons_realtime_abmi_e4_registered,510,retained,-0.02177611471629809,0.08151058936019451,-0.05703707451724477,-0.11056189857988874,-0.0010160751282533576,
ons_realtime_abmi_e4_registered,511,retained,0.07287684718908305,0.0959413992530529,0.047414778138877844,0.05852539925155331,0.08962581211284815,
ons_realtime_abmi_e4_registered,512,retained,0.04996553722982583,0.016081284051200184,0.08377795171357033,-0.18963360583874767,0.28963651899328047,
ons_realtime_abmi_e4_registered,513,retained,-0.06691781106870531,0.02013912195038886,0.08085806035368404,-0.24327695754054374,-0.1253914690383504,
ons_realtime_abmi_e4_registered,514,retained,-0.05284992202511881,0.016371381680383545,-0.027779575141232027,-0.07183975873842868,-0.12815173590119808,
ons_realtime_abmi_e4_registered,515,retained,-0.09449651381349088,0.06086182655732442,-0.2270148537733213,-0.04235943660302083,-0.16947359143494578,
ons_realtime_abmi_e4_registered,516,retained,-0.00719138180247602,-0.09433189613079285,-0.10327744274305403,0.15258602050848563,0.01625779115545717,
ons_realtime_abmi_e4_registered,517,retained,0.12939418411141151,0.07493942056131925,0.3028858148257123,0.21009694811845092,-0.07034544705983631,
ons_realtime_abmi_e4_registered,518,retained,0.019608552824229124,0.031740563870147065,-0.00025473637117623404,-0.004799556276420813,0.05174794007436648,
ons_realtime_abmi_e4_registered,519,retained,-0.033219643657493594,0.11093085803215452,-0.05590979009578173,-0.06468074749442326,-0.1232188950719239,
ons_realtime_abmi_e4_registered,520,retained,0.049732265631330874,0.004070721219363582,0.1648980426081334,0.043856008698597015,-0.0138957100007705,
ons_realtime_abmi_e4_registered,521,retained,0.029923821421087224,0.13364415847493977,-0.16261119542336827,0.12801258942749394,0.02064973320528346,
ons_realtime_abmi_e4_registered,522,retained,0.040724054580070154,0.07393703493362824,0.010901944884961545,0.03678274722002489,0.04127449128166594,
ons_realtime_abmi_e4_registered,523,retained,0.0052141893073724965,-0.04985459944611187,0.042396601666248146,-0.05276114311267871,0.08107589812203242,
ons_realtime_abmi_e4_registered,524,retained,-0.13738669419537933,-0.10932954895623448,0.07702990834552315,-0.04986427152981221,-0.46738286464099377,
ons_realtime_abmi_e4_registered,525,retained,-0.0010710895193624115,-0.10047808357592669,0.15497835171577684,0.10515773007839163,-0.16394235629569143,
ons_realtime_abmi_e4_registered,526,retained,-0.02431708950365332,-0.11683923290103015,0.0952217471140836,-0.01709773580682608,-0.058553136420840646,
ons_realtime_abmi_e4_registered,527,retained,0.0843051599697422,0.03407948331391358,0.11963146934905478,0.025507239389073177,0.15800244782692724,
ons_realtime_abmi_e4_registered,528,retained,-0.029363830442354452,-0.10274873612476468,0.148755619884465,0.07246517562697397,-0.2359273811560921,
ons_realtime_abmi_e4_registered,529,retained,0.014038986009469907,0.13456278237055505,-0.067462913113574,-0.00456435622945317,-0.006379568989648254,
ons_realtime_abmi_e4_registered,530,retained,0.002739391857716253,-0.05457388272904501,-0.007955678019065049,-0.0018810807457637635,0.07536820892473883,
ons_realtime_abmi_e4_registered,531,retained,0.03698147961077461,0.040620965965750766,0.08891736114280624,-0.029257842720958827,0.04764543405550026,
ons_realtime_abmi_e4_registered,532,retained,0.03487315621299908,0.09912166305111397,0.01798463746137341,0.04405950918930068,-0.02167318484979175,
ons_realtime_abmi_e4_registered,533,retained,0.10762443427827872,0.11434158837145841,0.26372591156046976,0.10355639235025138,-0.05112615516906466,
ons_realtime_abmi_e4_registered,534,retained,0.0596809794757927,0.19227196974002866,-0.16034023368107225,-0.00657870031123603,0.21337088215545041,
ons_realtime_abmi_e4_registered,535,retained,-0.021680908223406917,-0.0138667219605213,-0.12564658505012533,0.012273950265179634,0.040515723851839325,
ons_realtime_abmi_e4_registered,536,retained,-0.025470119353750362,-0.05094540272542991,0.02684988739456462,-0.05243888754882997,-0.025346074535306184,
ons_realtime_abmi_e4_registered,537,retained,-0.028179170354834318,-0.17181491971651103,0.014985898159199207,0.06112055752375145,-0.017008217385776903,
ons_realtime_abmi_e4_registered,538,retained,-0.0053478443297819075,-0.02820146498005871,0.030667597128056445,0.12618019475965409,-0.15003770422677945,
ons_realtime_abmi_e4_registered,539,retained,-0.026635597191604125,-0.05736014764873304,0.02818616971385801,0.07714841563617103,-0.1545168264677125,
ons_realtime_abmi_e4_registered,540,retained,0.07481920351419667,0.009897570003162104,-0.02238309671871619,0.18555011316822362,0.12621222760411716,
ons_realtime_abmi_e4_registered,541,retained,-0.053279400305203145,-0.04697867165105296,-0.08814133753114273,-0.19347819647953252,0.11548060444091562,
ons_realtime_abmi_e4_registered,542,retained,-0.12274340016715682,-0.039713230277652056,-0.07811061680349046,-0.07733822766394693,-0.2958115259235378,
ons_realtime_abmi_e4_registered,543,retained,-0.16399123279387318,-0.24888858432669364,-0.13249996302725353,-0.2815153235525092,0.006938939730963656,
ons_realtime_abmi_e4_registered,544,retained,-0.16140240641732978,-0.08419065172448015,-0.3506886736853962,-0.026355457897552226,-0.18437484236189056,
ons_realtime_abmi_e4_registered,545,retained,-0.011883012011687559,0.04835106775963027,-0.01975801927561449,-0.23465707975236902,0.158531983221603,
ons_realtime_abmi_e4_registered,546,retained,0.1545585297228933,0.2319971335411357,0.188149230412116,-0.07429243214106418,0.2723801870793857,
ons_realtime_abmi_e4_registered,547,retained,0.012890988431908307,0.036987798119168636,-0.08080846576598771,0.04973022908027286,0.04565439229417945,
ons_realtime_abmi_e4_registered,548,retained,-0.008232080440982531,-0.10907307160533153,0.02269312224126241,0.13317469798230758,-0.07972307038216858,
ons_realtime_abmi_e4_registered,549,retained,-0.04575732620924898,0.1878463168478528,-0.02579146429722806,-0.3377694956986119,-0.007314661689008739,
ons_realtime_abmi_e4_registered,550,retained,0.03146801876693757,-0.13766698889180018,0.02036779513719078,-0.03188419773091389,0.27505546655327356,
ons_realtime_abmi_e4_registered,551,retained,-0.09924745411647631,-0.045978806358523805,-0.17090839073178848,-0.10299962590252332,-0.07710299347306965,
ons_realtime_abmi_e4_registered,552,retained,-0.11143488343864491,-0.1771036856422974,-0.07251684948902254,-0.25914549893831484,0.06302650031505508,
ons_realtime_abmi_e4_registered,553,retained,0.023191487450710216,-0.05636447330288813,0.21121837178026726,-0.018457260209058468,-0.043630688465479794,
ons_realtime_abmi_e4_registered,554,retained,0.014022932453178212,-0.025112998381316254,-0.06811069025199806,-0.08148681568296207,0.23080223412898923,
ons_realtime_abmi_e4_registered,555,retained,0.03788824473865435,0.14079477104927307,0.013677268281098443,-0.015786771758466045,0.012867711382711922,
ons_realtime_abmi_e4_registered,556,retained,-0.050800229608813086,0.04604671220395029,-0.11507234575650693,-0.03200316974299389,-0.10217211513970181,
ons_realtime_abmi_e4_registered,557,retained,0.0632450937437736,-0.1455663431657875,0.12759868714273653,-0.04815203093003567,0.3191000619281811,
ons_realtime_abmi_e4_registered,558,retained,-0.060827231108213045,-0.034858802184600746,-0.1559269135856206,-0.0468386227993971,-0.0056845858632337265,
ons_realtime_abmi_e4_registered,559,retained,-0.07501744477533794,-0.045575904065915274,-0.10547934503411333,-0.18829236006806171,0.03927783006673857,
ons_realtime_abmi_e4_registered,560,retained,0.06318582442426639,0.04946310061192122,0.19987102089419906,0.014483898540014417,-0.011074722349069144,
ons_realtime_abmi_e4_registered,561,retained,0.007413187154789537,-0.15012975286984834,0.13101049958236294,0.052862933939866186,-0.004090932033222638,
ons_realtime_abmi_e4_registered,562,retained,-0.10729182872949378,-0.08237209870544995,-0.10186194196199991,0.010269047889783778,-0.255202322140309,
ons_realtime_abmi_e4_registered,563,retained,0.009466780538442549,-0.13393083043331205,0.027021145451538775,-0.02724101288167463,0.1720178200172181,
ons_realtime_abmi_e4_registered,564,retained,0.051392206453064,-0.031746325355065275,0.06180611187650098,0.17492084953772968,0.0005881897530906066,
ons_realtime_abmi_e4_registered,565,retained,-0.05032803789510196,-0.02271518053975974,-0.04119312169941347,-0.09250700140341633,-0.044896847937818285,
ons_realtime_abmi_e4_registered,566,retained,0.026261039222187477,0.017975275186804085,0.08588009733528634,0.07425298422147852,-0.07306419985481905,
ons_realtime_abmi_e4_registered,567,retained,-0.00017977410910396951,-0.019519881236045866,-0.06501997819633776,0.10931730389862537,-0.025496540902657627,
ons_realtime_abmi_e4_registered,568,retained,0.03165965818044629,0.027399959853237177,0.11055799423360196,0.041666812191955616,-0.052986133557009596,
ons_realtime_abmi_e4_registered,569,retained,0.04059721653084655,0.018307124557728538,0.12069290794078191,-0.2588503845766162,0.28223921820149195,
ons_realtime_abmi_e4_registered,570,retained,0.013715482617573056,0.03370823466702405,0.06454949433154933,0.058711477359798314,-0.10210727588807947,
ons_realtime_abmi_e4_registered,571,retained,-0.09790446095299149,-0.11602230424495989,-0.026506702153907158,-0.02478522917503978,-0.22430360823805912,
ons_realtime_abmi_e4_registered,572,retained,0.05206340287754936,0.04980650011156851,0.10913228542986148,-0.04737128479193009,0.09668611076069755,
ons_realtime_abmi_e4_registered,573,retained,-0.0005106497712982078,0.0467148301163853,0.009153295649011794,0.058485396220199326,-0.11639612107078925,
ons_realtime_abmi_e4_registered,574,retained,-0.03321939757442809,-0.15139544201449867,-0.032160372485956296,0.04576726056529479,0.004910963637447807,
ons_realtime_abmi_e4_registered,575,retained,0.06543930244933176,0.1671930657219597,0.14419399232900798,0.012206107192363758,-0.0618359554460044,
ons_realtime_abmi_e4_registered,576,retained,-0.016797966918293328,-0.11035861291809168,0.004352109500570134,-0.10481044090920988,0.14362507665355811,
ons_realtime_abmi_e4_registered,577,retained,0.0598792086690923,-0.06324886805693081,0.004284142452905093,0.25491069441282255,0.04357086586757236,
ons_realtime_abmi_e4_registered,578,retained,0.006931514055875748,-0.15015045442598474,0.04335055990636477,0.11694543535751489,0.017580515385608064,
ons_realtime_abmi_e4_registered,579,retained,0.06223934688878856,-0.02484886982763551,-0.1732790287964,0.2022620349201104,0.24482325125907933,
ons_realtime_abmi_e4_registered,580,retained,-0.024959165328249718,0.18826865951646987,0.05366816283467529,-0.23839762002046558,-0.10337586364367846,
ons_realtime_abmi_e4_registered,581,retained,0.03620202677619007,0.13156204779787845,0.011782331758049325,0.20619079574914687,-0.20472706820031433,
ons_realtime_abmi_e4_registered,582,retained,-0.126626599508656,-0.027679681109203325,0.009535561780435742,-0.2960613790969557,-0.1923008996089008,
ons_realtime_abmi_e4_registered,583,retained,-0.019052169703542357,-0.1072914369918137,-0.039425342498172866,0.10552588297817411,-0.03501778230235697,
ons_realtime_abmi_e4_registered,584,retained,0.12701396509457596,0.211696175288256,0.0349898840220953,0.39178425762071134,-0.13041445655275868,
ons_realtime_abmi_e4_registered,585,retained,-0.1018098206992355,-0.26792343841395944,-0.1547642252616409,-0.042570749607987735,0.05801913048664609,
ons_realtime_abmi_e4_registered,586,retained,-0.030869421298046845,-0.000953740734586539,-0.015449903671616694,-0.04369420808018387,-0.06337983270580028,
ons_realtime_abmi_e4_registered,587,retained,-0.017506536535079144,0.1713962741745577,-0.14253002148039456,-0.02714315597070488,-0.07174924286377482,
ons_realtime_abmi_e4_registered,588,retained,0.002551106226216203,-0.08285105451401689,0.16980580725854388,-0.09387056949622086,0.017120241656558677,
ons_realtime_abmi_e4_registered,589,retained,0.08524254864397302,0.14532798449934609,-0.0309451902075224,0.24502930261360806,-0.018441902329539683,
ons_realtime_abmi_e4_registered,590,retained,0.00831437369354461,0.028376055274252354,0.0022640945459680983,0.09119676478009076,-0.08857941982613277,
ons_realtime_abmi_e4_registered,591,retained,-0.0029522931942453645,0.018760222510139257,-0.024613212685861918,-0.04236839955590832,0.03641221695464952,
ons_realtime_abmi_e4_registered,592,retained,0.05323506603373126,0.07972758430472077,-0.0058521576419943155,-0.011963128642884346,0.15102796611508293,
ons_realtime_abmi_e4_registered,593,retained,-0.10894808123010387,-0.09192819802025376,0.06041350655789579,-0.20543399543113494,-0.19884363802692256,
ons_realtime_abmi_e4_registered,594,retained,-0.014027502425595709,0.021446703040005066,-0.04839573146237747,0.050507787257777714,-0.07966876853778815,
ons_realtime_abmi_e4_registered,595,retained,0.06192096522236451,-0.05397977180495428,0.28058608200204116,0.016534065382719287,0.0045434853096518735,
ons_realtime_abmi_e4_registered,596,retained,0.06463022616589637,-0.0007947168475688215,0.0612780715061223,0.17998196133318023,0.018055588671851752,
ons_realtime_abmi_e4_registered,597,retained,0.020861460311321273,0.3314000277388256,-0.20821595883224192,-0.13081355403713735,0.09107532637583876,
ons_realtime_abmi_e4_registered,598,retained,0.10824482961568091,0.05674716053988771,0.0060296596066052865,0.01866640109863099,0.35153609721759965,
ons_realtime_abmi_e4_registered,599,retained,-0.009480952438183837,0.021303706028483915,-0.016854166235020562,0.04101588102790704,-0.08338923057410574,
ons_realtime_abmi_e4_registered,600,retained,-0.06554448463787053,0.09337778466713631,-0.10827621071073551,-0.13379063961676274,-0.1134888728911202,
ons_realtime_abmi_e4_registered,601,retained,0.02486448832955955,-0.14052954605796714,-0.07715384707522799,0.19072185989583051,0.1264194865556028,
ons_realtime_abmi_e4_registered,602,retained,-0.0827298042952386,0.0003327260744235838,-0.14570076279980348,0.03465844431034071,-0.2202096247659152,
ons_realtime_abmi_e4_registered,603,retained,-0.04842298397412551,-0.1345754358106771,0.0663856311106713,0.028160520976908604,-0.15366265217340486,
ons_realtime_abmi_e4_registered,604,retained,-0.010305086308344494,-0.0021635907580507263,0.021109307355720697,-0.07148320102318456,0.011317139192136616,
ons_realtime_abmi_e4_registered,605,retained,-0.021987141786176417,-0.13471735367570398,0.009140817500147946,0.07320158248672687,-0.03557361345587651,
ons_realtime_abmi_e4_registered,606,retained,-0.15501316204617824,-0.05117621613616469,-0.07895909940826837,-0.3308117335255066,-0.1591055991147733,
ons_realtime_abmi_e4_registered,607,retained,0.06291342098618039,0.06614944201877193,-0.04424130331262194,0.2951291915611842,-0.06538364632261268,
ons_realtime_abmi_e4_registered,608,retained,0.18087205893686803,-0.08629668685315312,0.21493773052194845,0.4038730244699549,0.19097416760872188,
ons_realtime_abmi_e4_registered,609,retained,0.02101755653749575,-0.0028810009924159496,0.019802738255132346,0.07264205101768362,-0.005493562130417018,
ons_realtime_abmi_e4_registered,610,retained,-0.00904029216708191,-0.16251143625679898,-0.05167987495530868,0.0776602751006018,0.10036986744317822,
ons_realtime_abmi_e4_registered,611,retained,-0.017607289573223495,0.08925626110498341,-0.29985552462394705,0.17608296174400978,-0.03591285651794013,
ons_realtime_abmi_e4_registered,612,retained,-0.08817686686169754,-0.19637576087008024,0.0028492677077917583,-0.039327291813288534,-0.11985368247121314,
ons_realtime_abmi_e4_registered,613,retained,0.018212700380707075,0.0833746028391143,0.054138276085807235,-0.04348519982812793,-0.021176877573965303,
ons_realtime_abmi_e4_registered,614,retained,0.09415530176183157,0.01356991263073326,-0.04575653979920713,0.3346041521288208,0.07420368208697936,
ons_realtime_abmi_e4_registered,615,retained,-0.044530676556853555,0.03254982949046309,0.016620041520778284,-0.03177288159212266,-0.19551969564653293,
ons_realtime_abmi_e4_registered,616,retained,-0.09275482916069602,-0.006532152835485916,-0.14281509813746973,-0.05257620808433561,-0.16909585758549284,
ons_realtime_abmi_e4_registered,617,retained,-0.06684957868899813,-0.12619843438589212,-0.25534345146460485,0.02100525295788075,0.09313831813662372,
ons_realtime_abmi_e4_registered,618,retained,-0.10339247593573787,-0.11112222573993236,-0.03274107025005968,0.010250192096411703,-0.27995679984937116,
ons_realtime_abmi_e4_registered,619,retained,-0.017452057112046074,-0.17332889380382033,-0.08184473166712936,0.3297099389152481,-0.1443445418924827,
ons_realtime_abmi_e4_registered,620,retained,-0.003972085344131335,-0.03473030052037118,-0.0060102328184690745,0.017421271905911806,0.007430920056403112,
ons_realtime_abmi_e4_registered,621,retained,0.014512354519370094,-0.1155750836110761,-0.07734141412812123,0.17844314875450162,0.07252276706217609,
ons_realtime_abmi_e4_registered,622,retained,-0.06731136787102353,0.0889507618619243,0.03181861233702843,0.06547029574441182,-0.45548514142745866,
ons_realtime_abmi_e4_registered,623,retained,0.025918660438357485,0.006875690527988643,0.07490534029535323,0.06224220950177106,-0.04034859857168299,
ons_realtime_abmi_e4_registered,624,retained,0.023487902501757175,-0.0065861978578965474,-0.1606902891033446,0.1924972020877434,0.06873089488052644,
ons_realtime_abmi_e4_registered,625,retained,-0.08676364622690544,-0.3166127709343918,-0.07964009195531885,0.21482053892544728,-0.1656222609433584,
ons_realtime_abmi_e4_registered,626,retained,-0.08827445702772449,0.010455607192063288,-0.08227929586085814,-0.05278418495682391,-0.2284899544852792,
ons_realtime_abmi_e4_registered,627,retained,-0.056285617149365606,0.03023914321273158,0.018401115480963792,-0.22421086512349506,-0.04957186216766274,
ons_realtime_abmi_e4_registered,628,retained,0.049087561201229785,0.060424731002227006,0.15042052546226692,0.04597586381792877,-0.06047087547750357,
ons_realtime_abmi_e4_registered,629,retained,-0.0475314733339359,-0.0567446674061296,-0.1322006559561011,-0.055884997169901474,0.05470442719638857,
ons_realtime_abmi_e4_registered,630,retained,-0.05919418363886783,-0.12127969688440332,-0.21977169910388772,0.023775851030137574,0.08049881040268214,
ons_realtime_abmi_e4_registered,631,retained,-0.017251424061583698,-0.016017547938571908,0.044309628360356734,-0.012631343320797739,-0.08466643334732188,
ons_realtime_abmi_e4_registered,632,retained,-0.029042175741912507,0.2920661454400757,-0.02139985604133421,-0.10341581155257396,-0.28341918081381756,
ons_realtime_abmi_e4_registered,633,retained,-0.06845953441311746,-0.06489518954872497,-0.2315769331984882,0.06335098400396966,-0.04071699890922631,
ons_realtime_abmi_e4_registered,634,retained,0.018222110288365546,0.04278334610160672,-0.0036133810521260523,0.1569540203164761,-0.12323554421249458,
ons_realtime_abmi_e4_registered,635,retained,-0.04281918914402989,-0.07719014137208263,-0.12525802199386,-0.058886394598103076,0.09005780138792613,
ons_realtime_abmi_e4_registered,636,retained,0.016215223877734553,0.11146753001068549,0.03233943811263318,0.05069981648664412,-0.12964588909902458,
ons_realtime_abmi_e4_registered,637,retained,0.013654072137039168,-0.05510019311858899,-0.0508588816852219,0.18205920437110557,-0.021483841019138,
ons_realtime_abmi_e4_registered,638,retained,0.16256672326826618,0.028536235238163843,0.06802094136147285,0.1135558301007803,0.44015388637264774,
ons_realtime_abmi_e4_registered,639,retained,0.011218359982190895,-0.02266517445434113,0.19778673935320715,0.11355705755893725,-0.2438051825290397,
ons_realtime_abmi_e4_registered,640,retained,0.07088341109262278,0.16781172963726887,0.06304993090341238,-0.04645326085095089,0.09912524468076078,
ons_realtime_abmi_e4_registered,641,retained,-0.03655094045120387,-0.03470171031289615,0.03443269264289664,0.0391316212912278,-0.18506636542604377,
ons_realtime_abmi_e4_registered,642,retained,0.0688007485006352,0.03496827054162366,0.009950150889542098,0.23802320794166068,-0.007738635370285629,
ons_realtime_abmi_e4_registered,643,retained,0.02550008366083774,0.0625787468763197,-0.13578956219400018,-0.0416564598478279,0.21686760980885933,
ons_realtime_abmi_e4_registered,644,retained,0.048319286822541795,0.050293415176286604,-0.03999603817274788,0.1308106527251322,0.05216911756149625,
ons_realtime_abmi_e4_registered,645,retained,0.027805800465486648,-0.08644781481960484,0.039917162252080085,0.00436159839266706,0.1533922560368043,
ons_realtime_abmi_e4_registered,646,retained,0.006923724035620464,-0.045711791374956734,-0.011794687752949562,0.05416304223430868,0.031038333036079474,
ons_realtime_abmi_e4_registered,647,retained,0.01559892670247981,0.011200433090043815,0.0162846007065367,0.006681951380401119,0.028228721632937603,
ons_realtime_abmi_e4_registered,648,retained,0.06175451133467487,0.10942541340674716,0.09674641250309723,0.014765979381560601,0.02608024004729448,
ons_realtime_abmi_e4_registered,649,retained,-0.06597491662145627,0.03310914124436315,-0.24378080240356953,0.11899028773309134,-0.17221829305971004,
ons_realtime_abmi_e4_registered,650,retained,0.013009190660372004,-0.0625434130806507,0.07947105804749063,0.05014270894696715,-0.015033591272319069,
ons_realtime_abmi_e4_registered,651,retained,0.007991326719299169,-0.049593304504536195,0.11104494007259808,0.050640881294350404,-0.08012720998521561,
ons_realtime_abmi_e4_registered,652,retained,-0.08802459029080119,-0.029644262209357453,-0.08725268848217815,0.07712302129469151,-0.31232443176636066,
ons_realtime_abmi_e4_registered,653,retained,0.016481759452402114,0.0017988500329884083,0.03217675380584273,0.09865501958442763,-0.0667035856136503,
ons_realtime_abmi_e4_registered,654,retained,-0.021418999903131605,-0.06522175565195515,0.03377026099093805,-0.10316407684769946,0.04893957189619014,
ons_realtime_abmi_e4_registered,655,retained,-0.009528662970190886,-0.0032806841627469052,0.15963803033150206,-0.20831833906167985,0.013846341012161145,
ons_realtime_abmi_e4_registered,656,retained,-0.07131110324733059,-0.13013326858615287,0.0577516938417072,-0.16805318123140267,-0.044809657013474,
ons_realtime_abmi_e4_registered,657,retained,-0.014540011074226297,0.0031115628237343707,-0.031601773539425726,0.059883291659903526,-0.08955312524111736,
ons_realtime_abmi_e4_registered,658,retained,-0.028643839263127968,0.013144516126952221,-0.03321326817715364,-0.01057788118045877,-0.08392872382185168,
ons_realtime_abmi_e4_registered,659,retained,0.059224755895100414,0.06179190910973448,-0.01837681815108494,0.1051055931509316,0.08837833947082052,
ons_realtime_abmi_e4_registered,660,retained,-0.015581377209563159,-0.10403780019416253,-0.02186968911178422,-0.05553084338688169,0.1191128238545758,
ons_realtime_abmi_e4_registered,661,retained,0.04550415556022169,0.1336404378490102,0.06282628942336987,-0.12245139506194913,0.10800129003045583,
ons_realtime_abmi_e4_registered,662,retained,-0.0034895127556628797,-0.03496747751103074,-0.05304419321730047,0.34962261981645626,-0.27556900011077656,
ons_realtime_abmi_e4_registered,663,retained,0.04416747335678743,0.1660307214630984,0.09570202019721108,0.003127472676722143,-0.08819032090988188,
ons_realtime_abmi_e4_registered,664,retained,-0.11632814677207867,0.005140540024117457,-0.10190682740505796,-0.06875651036218772,-0.29978978934518646,
ons_realtime_abmi_e4_registered,665,retained,-0.019246935232396872,0.030582476650795387,0.052424269031816295,-0.09328256451188216,-0.06671192210031701,
ons_realtime_abmi_e4_registered,666,retained,-0.0749590726209757,0.004783840017563268,-0.27876414998195764,-0.06370944198973111,0.03785346147022267,
ons_realtime_abmi_e4_registered,667,retained,-0.0365864168367533,-0.16255751200791774,-0.02521528857785882,-0.24634858171769147,0.2877757149564548,
ons_realtime_abmi_e4_registered,668,retained,0.01007372593511537,-0.02879911407795621,0.027113120196971707,0.0765415427497474,-0.03456064512830141,
ons_realtime_abmi_e4_registered,669,retained,-0.02439957686921959,0.03980460537717723,-0.1764717086516056,-0.008546387909851294,0.04761518370740131,
ons_realtime_abmi_e4_registered,670,retained,-0.04867384544576131,-0.08757984662398233,-0.03738778382670338,-0.012386960925562962,-0.05734079040679656,
ons_realtime_abmi_e4_registered,671,retained,0.056577765955066264,-0.02352342209714775,0.15822592460835738,0.03097038809827185,0.060638173210783575,
ons_realtime_abmi_e4_registered,672,retained,-0.0027442373441368545,-0.0503021120140818,0.07896270756037804,-0.06542359697961597,0.025786052056772313,
ons_realtime_abmi_e4_registered,673,retained,-0.09758697568863359,0.040015098962361884,0.030530453674914915,-0.1915405983032081,-0.269352857088603,
ons_realtime_abmi_e4_registered,674,retained,-0.014707096429045344,-0.06120022177285922,0.10107074244044145,0.06009316086794492,-0.15879206725170852,
ons_realtime_abmi_e4_registered,675,retained,0.038709634709820286,0.16299000800763916,-0.005522130562308436,-0.01168486589599016,0.00905552728994058,
ons_realtime_abmi_e4_registered,676,retained,-0.1651575000577704,-0.5102815323903647,-0.03604552682512879,0.07835572819504288,-0.19265866921063113,
ons_realtime_abmi_e4_registered,677,retained,-0.0018837428117750993,0.05309904823378736,-0.041617199930002124,-0.03186474191118116,0.012847922360295527,
ons_realtime_abmi_e4_registered,678,retained,-0.054271522405708914,-0.02611827824589874,-0.01817087267004902,-0.24608883964752987,0.07329190094064197,
ons_realtime_abmi_e4_registered,679,retained,0.0067205739475312345,-0.024798383265220214,-0.0247575787836955,-0.0234950747898047,0.09993333262884535,
ons_realtime_abmi_e4_registered,680,retained,-0.034606595972348136,-0.12349116749047068,-0.2071301772588216,0.03872586944871148,0.15346909141118825,
ons_realtime_abmi_e4_registered,681,retained,0.04306874088049846,-0.13470669679862535,0.011782200345878957,0.23077849590930527,0.06442096406543496,
ons_realtime_abmi_e4_registered,682,retained,-0.03968912358381857,0.03430881019755366,-0.08852054646544916,-0.07492179160548712,-0.029622966461891664,
ons_realtime_abmi_e4_registered,683,retained,-0.006036566906643823,0.02426536477983554,0.09550626086510816,0.08826123207858905,-0.23217912535010804,
ons_realtime_abmi_e4_registered,684,retained,-0.0565814658770495,-0.024511700906022615,0.07921679097096734,-0.21899428414829025,-0.062036669424852475,
ons_realtime_abmi_e4_registered,685,retained,0.06719754783500412,0.0583193385542774,-0.01032498789283065,0.1763188547669519,0.04447698591161786,
ons_realtime_abmi_e4_registered,686,retained,0.022148411997154553,-0.06037845369073269,0.061470042847217354,0.057127349888212026,0.030374708943921525,
ons_realtime_abmi_e4_registered,687,retained,-0.02554447218372606,-0.22844353909286702,0.1289049426465867,0.04809207599309584,-0.05073136828171976,
ons_realtime_abmi_e4_registered,688,retained,-0.05477956161987031,-0.10516814754694026,-0.03710492448840874,-0.14211320049372506,0.06526802604959281,
ons_realtime_abmi_e4_registered,689,retained,0.022042593952172618,0.07274962605158874,0.1662064135371028,-0.07428362729893762,-0.07650203648106346,
ons_realtime_abmi_e4_registered,690,retained,-0.003325251339824628,-0.06853120444970295,0.04165832084753207,-0.05711620597028355,0.07068808421315592,
ons_realtime_abmi_e4_registered,691,retained,0.04100802459629442,0.17826223736932778,-0.13274586875992028,0.10859235269617473,0.009923377079595452,
ons_realtime_abmi_e4_registered,692,retained,0.0683793821936528,0.07132824124360221,0.03742607332976078,0.014730794799853286,0.15003241940139495,
ons_realtime_abmi_e4_registered,693,retained,-0.042690141951909746,-0.05897217130068644,-0.05099403135046987,0.052207797927996846,-0.11300216308447952,
ons_realtime_abmi_e4_registered,694,retained,0.014606676169305194,-0.02162622880381726,-0.0031783285877962086,0.16838415720405459,-0.08515289513522034,
ons_realtime_abmi_e4_registered,695,retained,-0.025542222907876996,-0.0667252436376764,-0.023098195525721954,0.026604883956564906,-0.038950336424674534,
ons_realtime_abmi_e4_registered,696,retained,-0.05595630170478602,0.11204859309284143,-0.12579811806913502,-0.2451428565342423,0.03506717469139181,
ons_realtime_abmi_e4_registered,697,retained,-0.09067054974639457,0.02357222904249312,-0.17559026989784549,-0.020137531854742208,-0.1905266262754837,
ons_realtime_abmi_e4_registered,698,retained,0.054446091173192365,0.030202597245224894,0.1408423072520414,0.10046433934378163,-0.05372487914827845,
ons_realtime_abmi_e4_registered,699,retained,0.09263540185829372,-0.02651644786201418,0.19835723924946597,0.1164247379025588,0.08227607814316429,
ons_realtime_abmi_e4_registered,700,retained,0.045882547590387526,-0.09701063160624607,0.1696023819678209,0.04538471505730424,0.06555372494267103,
ons_realtime_abmi_e4_registered,701,retained,0.12481282436964403,0.22750202073418166,-0.08751604481450698,0.2071610938057897,0.15210422775311172,
ons_realtime_abmi_e4_registered,702,retained,-0.008783519376306288,-0.18195021703590186,0.020078708457677397,0.10956262203335967,0.017174809039639638,
ons_realtime_abmi_e4_registered,703,retained,0.040121730295303845,0.012022826107458195,0.0847453888866262,-0.13028100644365168,0.19399971263078267,
ons_realtime_abmi_e4_registered,704,retained,-0.0786905088042021,-0.22756651122301547,-0.04159414199576772,-0.19075202124044432,0.1451506392424191,
ons_realtime_abmi_e4_registered,705,retained,0.05506075683069184,0.06542486847943446,0.0911747602448405,0.10534767868597922,-0.041704280087486834,
ons_realtime_abmi_e4_registered,706,retained,0.033436111251712974,0.0418455040791218,0.054778668766745864,0.1871133168084932,-0.14999304464750896,
ons_realtime_abmi_e4_registered,707,retained,-0.024178920205820492,-0.03871066123567435,0.08266859686710415,-0.15020120720085595,0.009527590746144177,
ons_realtime_abmi_e4_registered,708,retained,-0.025675272495517945,0.10004509704262243,-0.1737285822737642,-0.09790489962407772,0.06888729487314771,
ons_realtime_abmi_e4_registered,709,retained,-0.06482865125611882,-0.03619921364926548,-0.17898055284086384,0.0023793374263811895,-0.046514175960727155,
ons_realtime_abmi_e4_registered,710,retained,-0.02451315066485702,-0.012737654484441419,0.040425870652403606,0.04200584044438177,-0.16774665927177204,
ons_realtime_abmi_e4_registered,711,retained,0.11546547242604821,0.08263452150654066,0.11279024301817125,0.10900406975176098,0.15743305542771993,
ons_realtime_abmi_e4_registered,712,retained,-0.09230260251998361,-0.08364055208363852,-0.10238664758939575,-0.17918019046499756,-0.004003019941902608,
ons_realtime_abmi_e4_registered,713,retained,0.0804201385715993,0.12565332334151214,-0.018047254303906413,0.19999445404610738,0.014080031202684085,
ons_realtime_abmi_e4_registered,714,retained,-0.009269187326865186,0.04358679959843892,0.0007027266892402073,-0.010117955545999424,-0.07124832004914045,
ons_realtime_abmi_e4_registered,715,retained,-0.08897717262563457,-0.09736615606342547,0.21451562717221795,-0.20214743544503588,-0.27091072616629486,
ons_realtime_abmi_e4_registered,716,retained,0.1268952770433972,0.058200818790750675,0.14503306167530045,0.33142759821002155,-0.02708037050248374,
ons_realtime_abmi_e4_registered,717,retained,0.09264856337863478,0.042470574791671045,0.06909272036327974,0.030178028066122464,0.22885293029346587,
ons_realtime_abmi_e4_registered,718,retained,-0.023695956312810518,0.03523062224514806,-0.14484874028766004,0.1320421280007053,-0.1172078352094354,
ons_realtime_abmi_e4_registered,719,retained,-0.03328846867873039,-0.06699410489162239,0.016705843199012027,0.0347128982622088,-0.11757851128452002,
ons_realtime_abmi_e4_registered,720,retained,-0.05462419601963211,-0.02720891706022599,-0.08727399162286625,0.12725942703544024,-0.23127330243087643,
ons_realtime_abmi_e4_registered,721,retained,0.09914968590642563,0.24171533341472856,-0.012172487762820983,0.10806869030207239,0.05898720767172255,
ons_realtime_abmi_e4_registered,722,retained,-0.059560055846274634,-0.1133547786682847,-0.0435709199847234,-0.2509742981427849,0.16965977341069444,
ons_realtime_abmi_e4_registered,723,retained,-0.028754240768987034,0.05961965310156314,-0.10534887364832207,0.10017093277116623,-0.16945867530035544,
ons_realtime_abmi_e4_registered,724,retained,0.16101426037100297,0.07829576637772875,0.04344214478648761,0.22181310881667887,0.30050602150311667,
ons_realtime_abmi_e4_registered,725,retained,-0.18659902908652198,-0.11291757984761774,-0.06428065010248901,-0.3359125252709452,-0.23328536112503612,
ons_realtime_abmi_e4_registered,726,retained,-0.02930445036675429,-0.11968713810653187,-0.14297125180757997,0.11854485082596604,0.026895737621128624,
ons_realtime_abmi_e4_registered,727,retained,0.14757571441607922,0.049600348589332155,0.1916806647402562,0.04893927627615219,0.30008256805857636,
ons_realtime_abmi_e4_registered,728,retained,0.00984062151863653,0.09378729638534294,-0.17724645219803123,0.17283782376662463,-0.05001618187939022,
ons_realtime_abmi_e4_registered,729,retained,-0.04657191603714854,-0.06571756382943783,-0.13985542853165733,0.055717310084847205,-0.0364319818723462,
ons_realtime_abmi_e4_registered,730,retained,0.017531175465328022,0.037147220958521854,0.06935661296149326,0.034532648725583426,-0.07091178078428645,
ons_realtime_abmi_e4_registered,731,retained,-0.04085204082490207,-0.1643117726491629,0.10668637674669773,-0.009292256326879023,-0.09649051107026407,
ons_realtime_abmi_e4_registered,732,retained,-0.09045527245761122,0.048355377198109784,-0.06924553225587637,-0.23539575960779519,-0.10553517516488309,
ons_realtime_abmi_e4_registered,733,retained,-0.03193634672046334,-0.10744298573428568,-0.03149643265581348,0.009879764536122215,0.0013142669721235845,
ons_realtime_abmi_e4_registered,734,retained,-0.1153455092569711,0.031536084511350815,-0.25100998233991795,-0.0006614026617760005,-0.24124673653754122,
ons_realtime_abmi_e4_registered,735,retained,-0.07690426650115374,-0.06576687970676764,-0.029924033237304026,-0.05695080169716127,-0.15497535136338203,
ons_realtime_abmi_e4_registered,736,retained,-0.09241638268457632,0.05908736762574346,-0.31827555726033196,-0.02388001993837241,-0.08659732116534435,
ons_realtime_abmi_e4_registered,737,retained,0.03307229255415442,-0.06407411862300327,-0.03925173565514323,0.13829329769176957,0.09732172680299461,
ons_realtime_abmi_e4_registered,738,retained,-0.05470011708304451,-0.07225608124262739,-0.23801118898831664,-0.08247372256243185,0.17394052446119784,
ons_realtime_abmi_e4_registered,739,retained,0.10315837165605185,0.16311518527574068,-0.0031959560408441057,0.1930575838507279,0.05965667353858295,
ons_realtime_abmi_e4_registered,740,retained,0.08416408530914085,0.005700582486478589,0.3934159294589956,-0.05483685609022959,-0.0076233146186812095,
ons_realtime_abmi_e4_registered,741,retained,0.05390273010940938,0.039920815487462624,0.004966393091657362,-0.05563694406901265,0.22636065592753019,
ons_realtime_abmi_e4_registered,742,retained,0.05926492899203023,0.15534304406871285,0.04832944523640181,0.017952356488021792,0.01543487017498446,
ons_realtime_abmi_e4_registered,743,retained,0.03830813758715303,0.0028816372722242356,-0.03867001539376613,0.16095625767646643,0.028064670793687574,
ons_realtime_abmi_e4_registered,744,retained,-0.062499158535645055,0.018937908977494256,-0.0654094543703394,-0.1538827954740778,-0.04964229327565728,
ons_realtime_abmi_e4_registered,745,retained,-0.1332828936126888,-0.4054455584692447,-0.007327068763358646,0.025008412533762236,-0.14536735975191412,
ons_realtime_abmi_e4_registered,746,retained,0.06142467095716593,0.20683818690732153,0.15154973643648972,-0.022714889054140763,-0.08997435046100677,
ons_realtime_abmi_e4_registered,747,retained,-0.1106975510715709,-0.057059182575775386,-0.04844827432126031,-0.22861675473690812,-0.10866599265233978,
ons_realtime_abmi_e4_registered,748,retained,0.07081452607345513,0.02615384297378265,0.013508078156072634,0.2961127347795437,-0.052516551615578444,
ons_realtime_abmi_e4_registered,749,retained,0.011305436026833073,-0.07306323170835505,-0.030593172716391948,-0.13505852558275752,0.2839366741148368,
ons_realtime_abmi_e4_registered,750,retained,-0.023182748301096665,0.10146452803707806,-0.059409251947989516,0.18572333143906206,-0.32050960073253726,
ons_realtime_abmi_e4_registered,751,retained,0.03761084708548615,0.07780852786851844,-0.07370830495455394,0.030419056967529445,0.11592410846045065,
ons_realtime_abmi_e4_registered,752,retained,-0.005165012164178168,0.08105686101092635,0.0001773942719895949,0.009441213130149118,-0.11133551706977773,
ons_realtime_abmi_e4_registered,753,retained,0.04735898795120457,0.29408058557455174,-0.09744086131707236,0.03674652186137328,-0.04395029431403438,
ons_realtime_abmi_e4_registered,754,retained,0.09152813545061292,0.3907448911978997,-0.10583201009968946,0.11751342391628211,-0.03631376321204066,
ons_realtime_abmi_e4_registered,755,retained,0.017534293085327002,-0.06080510311065768,-0.11706921815203075,0.16369258314900303,0.0843189104549934,
ons_realtime_abmi_e4_registered,756,retained,-0.04501586495834477,-0.03474566892131198,0.027675322086138654,-0.09378641589670544,-0.0792066971015003,
ons_realtime_abmi_e4_registered,757,retained,0.011312868635650453,0.061883269451349476,-0.10342093792301621,0.1789164066912532,-0.09212726367698465,
ons_realtime_abmi_e4_registered,758,retained,0.00917529045141785,-0.022542201761363012,-0.039052692303169434,-0.09807002605088488,0.19636608192108873,
ons_realtime_abmi_e4_registered,759,retained,-0.10095249432154231,-0.25622314032436655,-0.016224765609708813,-0.01887714508286692,-0.11248492626922696,
ons_realtime_abmi_e4_registered,760,retained,0.06216992125625184,0.09222604760434167,-0.1306617552279672,0.2460758488460778,0.04103954380255509,
ons_realtime_abmi_e4_registered,761,retained,-0.023940671384584986,0.10044832808997683,0.21035271219828838,-0.18850257760620032,-0.21806114822040484,
ons_realtime_abmi_e4_registered,762,retained,-0.03372277559061107,0.09858339466686622,-0.16590677453308905,-0.12137069890587893,0.05380297640965748,
ons_realtime_abmi_e4_registered,763,retained,0.04764096054932817,-0.1670058165044827,0.15398167957425865,0.08726643035113801,0.11632154877639872,
ons_realtime_abmi_e4_registered,764,retained,0.059981201736538994,0.08272142224989576,0.23180671261439384,0.039624043280084564,-0.11422737119821819,
ons_realtime_abmi_e4_registered,765,retained,-0.01879593929895998,-0.22301486879432225,0.13497376715292764,0.007934643386815876,0.004922701058738821,
ons_realtime_abmi_e4_registered,766,retained,-0.00032710675483037244,0.12382793709348044,0.006942307643754253,0.11045526128246203,-0.2425339330390182,
ons_realtime_abmi_e4_registered,767,retained,0.05433513882090819,0.06389417308097078,0.27764006176414124,-0.11530422572521373,-0.008889453836265548,
ons_realtime_abmi_e4_registered,768,retained,0.07249275251135572,0.004266604180854117,0.1585843564351111,-0.12715343735005008,0.25427348677950773,
ons_realtime_abmi_e4_registered,769,retained,0.0017939021225781768,-0.04619090526719449,-0.022926156106975626,0.09710103015620611,-0.020808360291723282,
ons_realtime_abmi_e4_registered,770,retained,-0.02734464968173613,0.06940115916171752,0.015643603679749374,-0.0843702312947402,-0.11005313027367122,
ons_realtime_abmi_e4_registered,771,retained,0.021669785182943997,0.09876030027430882,-0.1827464719727851,0.06982603784092484,0.10083927458932743,
ons_realtime_abmi_e4_registered,772,retained,0.16157666192198966,0.009016262997904312,0.14195183559383434,0.47322898813616066,0.022109560960059338,
ons_realtime_abmi_e4_registered,773,retained,0.017658627726424174,0.08534270488064721,-0.08104551745901528,0.09282472363945707,-0.026487400155392304,
ons_realtime_abmi_e4_registered,774,retained,0.15002515723019783,0.18511548622548357,0.13169968351305755,0.036235978101628485,0.24704948108062175,
ons_realtime_abmi_e4_registered,775,retained,0.049039424903181875,0.014531315993942084,0.23771518060977415,-0.032452806915315824,-0.023635990075672908,
ons_realtime_abmi_e4_registered,776,retained,0.023331269982772324,-0.09174272213825824,-0.10792994720171822,0.06733508893730417,0.2256626603337616,
ons_realtime_abmi_e4_registered,777,retained,0.031424787564628104,-0.0136422786412288,0.02778513880319694,-0.07679882600305815,0.18835511609960243,
ons_realtime_abmi_e4_registered,778,retained,0.06293532048544537,-0.026255147170052284,0.038776498018782524,0.12086740198779516,0.11835252910525607,
ons_realtime_abmi_e4_registered,779,retained,-0.0027359477327151827,-0.041183858628695336,-0.02781283364505177,0.10224976185493767,-0.044196860512051295,
ons_realtime_abmi_e4_registered,780,retained,-0.019963244902283128,-0.007326431191090554,0.025684599887975446,-0.007408791668213177,-0.09080235663780423,
ons_realtime_abmi_e4_registered,781,retained,-0.006347653405118614,-0.14550643174298072,0.05351076997447163,0.1275152527285104,-0.060910204580475746,
ons_realtime_abmi_e4_registered,782,retained,0.035303665534575396,-0.10785080487366411,-0.02908676497762913,0.16667009166469954,0.11148214032489528,
ons_realtime_abmi_e4_registered,783,retained,0.13061495869369527,0.10939142146602954,0.1577186638458397,0.0001515412231791191,0.2551982082397327,
ons_realtime_abmi_e4_registered,784,retained,-0.060359127988453755,0.038440392544635604,-0.25188802719747627,-0.11680123470432724,0.08881235740335289,
ons_realtime_abmi_e4_registered,785,retained,0.1007993966888228,-0.04422043586068092,0.01990666664261187,0.26790324856792125,0.15960810740543901,
ons_realtime_abmi_e4_registered,786,retained,-0.0702975965180549,-0.2106715176556329,0.008392496199460364,-0.019973584141070644,-0.05893778047497639,
ons_realtime_abmi_e4_registered,787,retained,0.06262013941190527,0.16439724628343827,0.129882955044411,0.0042270960113438005,-0.04802673969157201,
ons_realtime_abmi_e4_registered,788,retained,-0.07730272018691806,-0.193083978169489,0.011253170029341564,0.03666116841894512,-0.16404124102646994,
ons_realtime_abmi_e4_registered,789,retained,0.07096302375964332,0.08129848037393744,0.04730490091318315,0.1828120140656268,-0.027563300314174144,
ons_realtime_abmi_e4_registered,790,retained,0.016505870423226036,-0.005444944710246591,0.05898717056252556,-0.10418456192013203,0.11666581776075721,
ons_realtime_abmi_e4_registered,791,retained,-0.08880076354482784,-0.2613690848398601,-0.0024847828737489808,-0.025654492380341287,-0.065694694085361,
ons_realtime_abmi_e4_registered,792,retained,-0.028247539360679155,-0.002674716780188935,-0.1825001911483718,0.02913319031378908,0.043051560172055026,
ons_realtime_abmi_e4_registered,793,retained,0.15269575585878561,0.19835131661684186,0.062456604391213144,0.21717307120599477,0.1328020312210927,
ons_realtime_abmi_e4_registered,794,retained,-0.005663909549306685,-0.014552366862669808,-0.059096091911029824,0.09753407008530168,-0.04654124950882879,
ons_realtime_abmi_e4_registered,795,retained,-0.04149067579668443,-0.13679822237297612,0.018369811979736972,0.11150673601587324,-0.15904102880937182,
ons_realtime_abmi_e4_registered,796,retained,-0.010254233340868689,-0.19459157366324653,-0.09312799682524159,0.12391368214497164,0.12278895498004172,
ons_realtime_abmi_e4_registered,797,retained,0.0276426727491193,-0.07357780381472889,-0.06335577171160844,-0.024009964676517115,0.27151423119933166,
ons_realtime_abmi_e4_registered,798,retained,-0.07666214010144075,-0.04055219491909151,0.01938936300771288,-0.16912596220637965,-0.1163597662880047,
ons_realtime_abmi_e4_registered,799,retained,-0.014031731391181766,0.07941369722979896,-0.11005496161849304,-0.08525391084219844,0.05976824966616545,
ons_realtime_abmi_e4_registered,800,retained,-0.037064286829876905,0.11820327732543878,-0.012788090536697827,-0.07433652426677573,-0.17933580984147285,
ons_realtime_abmi_e4_registered,801,retained,0.03063960754107714,0.13425460904097009,0.06875451759879458,0.002405699676984119,-0.08285639615244023,
ons_realtime_abmi_e4_registered,802,retained,0.08123879686849457,0.22624898347262393,0.011004268025757769,0.08306704900152367,0.004634886974072938,
ons_realtime_abmi_e4_registered,803,retained,0.028841530537426482,0.044028136894154746,-0.03542478934246773,0.14007451684749467,-0.03331174224947575,
ons_realtime_abmi_e4_registered,804,retained,0.038035790218002144,0.09602966638019039,-0.09713337041911185,0.11792220734495079,0.035324657565979245,
ons_realtime_abmi_e4_registered,805,retained,-0.058284443286144766,0.09216292025792583,-0.00655973001912924,-0.07439356958204602,-0.24434739380132964,
ons_realtime_abmi_e4_registered,806,retained,0.052848269449071464,0.024778000463974936,0.1439437403195683,-0.034882061679366805,0.07755339869210942,
ons_realtime_abmi_e4_registered,807,retained,0.014787920106460482,0.20763848302091967,-0.036044303122564625,-0.03924611431448727,-0.07319638515802585,
ons_realtime_abmi_e4_registered,808,retained,-0.015297173947164053,-0.06229744365893236,0.007195068065832921,0.03234179315104202,-0.03842811334659879,
ons_realtime_abmi_e4_registered,809,retained,0.09937835309820803,-0.002688306807585583,0.12342539201717201,0.18622272409411883,0.09055360308912686,
ons_realtime_abmi_e4_registered,810,retained,0.08823233498431195,0.11486164691302042,0.1644471438807541,0.09664370985517612,-0.02302316071170285,
ons_realtime_abmi_e4_registered,811,retained,-0.02738821517940554,-0.05347659109765518,0.06103473029748935,0.026036082416172723,-0.14314708233362905,
ons_realtime_abmi_e4_registered,812,retained,0.062157578413002554,0.14697565570783538,0.031474583658832656,0.10357285870334138,-0.0333927844179992,
ons_realtime_abmi_e4_registered,813,retained,0.01599498323579184,0.0851421937687758,-0.020991075747667565,-0.09606850318525079,0.09589731810730992,
ons_realtime_abmi_e4_registered,814,retained,-0.08888148886699049,0.00019707106744015768,-0.011329947356257697,-0.03264915627913245,-0.31174392290001196,
ons_realtime_abmi_e4_registered,815,retained,-0.099492649949203,-0.081523325319243,-0.013157630418441035,-0.07023517717259209,-0.23305446688653586,
ons_realtime_abmi_e4_registered,816,retained,-0.05531250625124787,-0.08833275068699215,0.07407415438384635,-0.2199908261553833,0.01299939745353762,
ons_realtime_abmi_e4_registered,817,retained,-0.01121532105233631,0.011045485157056056,0.17304795784477228,-0.42986534718551195,0.20091061997433837,
ons_realtime_abmi_e4_registered,818,retained,0.02232229271472408,-0.003038578570729533,0.06196076954827445,-0.0067965338683745324,0.03716351374972593,
ons_realtime_abmi_e4_registered,819,retained,0.026878550601825896,0.0516517870258249,-0.10276702852534036,0.113853047398279,0.04477639650854004,
ons_realtime_abmi_e4_registered,820,retained,-0.07379397297698069,-0.27581905724457206,-0.007800369156792497,0.003948310296339019,-0.01550477580289722,
ons_realtime_abmi_e4_registered,821,retained,-0.002135613648706472,0.1119048671255608,0.03683868840158028,-0.23937442911963935,0.08208841899767239,
ons_realtime_abmi_e4_registered,822,retained,-0.038621866284961136,-0.013428962088264496,-0.056134673528462964,0.03761293985062539,-0.12253676937374247,
ons_realtime_abmi_e4_registered,823,retained,0.040571928200436716,-0.03455807242609665,-0.05628382756293093,0.10308557208795988,0.15004404070281457,
ons_realtime_abmi_e4_registered,824,retained,0.11431133087867967,-0.06035141914630726,-0.051220458821717774,0.2604742237471254,0.3083429777356183,
ons_realtime_abmi_e4_registered,825,retained,0.02318648309827366,-0.059316774247772375,-0.021245063639431128,-0.06727955612453251,0.24058732640483066,
ons_realtime_abmi_e4_registered,826,retained,0.057258665165451555,0.04647954193573445,0.07694202973349912,-0.05248139230578208,0.15809448129835474,
ons_realtime_abmi_e4_registered,827,retained,-0.06183323009585895,-0.08115124505075055,-0.027378769834328298,-0.21237749628664365,0.07357459078828671,
ons_realtime_abmi_e4_registered,828,retained,-0.10267378519740838,-0.3386979807281126,-0.03471807988078929,-0.09624834656444364,0.05896926638371197,
ons_realtime_abmi_e4_registered,829,retained,-0.06508135862196604,0.16469189348424923,0.15393597036524362,-0.22039892227870478,-0.3585543760586522,
ons_realtime_abmi_e4_registered,830,retained,-0.04198875529659038,-0.12774988617842026,0.14503105600217664,-0.10426002237277371,-0.08097616863734419,
ons_realtime_abmi_e4_registered,831,retained,-0.1084478461007997,-0.19152442634351774,0.05670702377892256,-0.2315755770777389,-0.06739840476086473,
ons_realtime_abmi_e4_registered,832,retained,-0.05810882358982944,0.07494862328864871,-0.100411055612737,-0.1620941625288017,-0.044878699506427755,
ons_realtime_abmi_e4_registered,833,retained,-0.018648561120021265,0.014499174334548282,-0.10667887801905163,0.005157965847763124,0.012427493356655162,
ons_realtime_abmi_e4_registered,834,retained,0.034195423445940926,0.19907937285080388,0.16974177925997783,0.0025501659745030825,-0.23458962430152108,
ons_realtime_abmi_e4_registered,835,retained,-0.16598614805146378,-0.19412118585296267,-0.1539411021459885,-0.13252835883569614,-0.18335394537120775,
ons_realtime_abmi_e4_registered,836,retained,-0.10357640773246683,-0.10169542528713293,0.018073802359815927,-0.15077611774820587,-0.17990789025434445,
ons_realtime_abmi_e4_registered,837,retained,-0.1243538451382682,-0.18218677346774853,-0.04300701900768067,-0.18863367668866057,-0.08358791138898303,
ons_realtime_abmi_e4_registered,838,retained,0.032887962951291025,0.0026400554880218197,0.02938516191546281,-0.05684224820362127,0.15636888260530074,
ons_realtime_abmi_e4_registered,839,retained,-0.11654314164587722,-0.1919362546795778,-0.11143627199232659,-0.1735098609334706,0.010709821021866128,
ons_realtime_abmi_e4_registered,840,retained,-0.1468082825528882,-0.03724867769854501,-0.23831899004977758,-0.044262487261745365,-0.26740297520148476,
ons_realtime_abmi_e4_registered,841,retained,0.016697423852466017,-0.028844673295914336,-0.12044620242816473,0.05392954489682522,0.1621510262371179,
ons_realtime_abmi_e4_registered,842,retained,-0.10563177338795414,-0.2279205942900147,-0.09677476561716103,-0.04886221470194907,-0.04896951894269175,
ons_realtime_abmi_e4_registered,843,retained,-0.11829352600258389,-0.163135501316784,-0.10525157015559639,-0.17547110592917395,-0.02931592660878124,
ons_realtime_abmi_e4_registered,844,retained,0.004289354451234795,0.02203415888760596,0.05653732711314052,-0.042400300404777214,-0.01901376779103009,
ons_realtime_abmi_e4_registered,845,retained,-0.027505187898792402,-0.18275719243858174,0.06143662331259331,0.0027711490503772307,0.008528668480441592,
ons_realtime_abmi_e4_registered,846,retained,0.027177789993927323,0.2170677867583801,-0.1576833068603589,0.025839905815102815,0.023486774262585275,
ons_realtime_abmi_e4_registered,847,retained,0.05391282106458299,-0.09783965696493202,-0.01109355694033709,-0.08872350637263954,0.4133080045362406,
ons_realtime_abmi_e4_registered,848,retained,-0.014217493747531257,0.06306598075069608,-0.043966779128764344,-0.001135310488322161,-0.0748338661237346,
ons_realtime_abmi_e4_registered,849,retained,-0.002044321719216549,0.024874332828940526,-0.0014873198987039316,-0.03997885920877381,0.008414559401671018,
ons_realtime_abmi_e4_registered,850,retained,0.20160486734010646,0.3927746047021887,0.1442627353557605,0.04056018097541303,0.2288219483270636,
ons_realtime_abmi_e4_registered,851,retained,-0.02272736060861895,0.009754548329551471,-0.20496942394233375,0.049188841039114695,0.05511659213919179,
ons_realtime_abmi_e4_registered,852,retained,0.07848236185131631,-0.14707262114894826,0.045874587108898024,0.1027187919156834,0.3124086895296321,
ons_realtime_abmi_e4_registered,853,retained,0.028051596407620144,-0.1402458055612359,0.08071580836304132,0.009481141916751978,0.16225524091192317,
ons_realtime_abmi_e4_registered,854,retained,0.029533678370085706,0.011082976561716307,0.05607750149544394,0.05809169417274396,-0.007117458749561378,
ons_realtime_abmi_e4_registered,855,retained,-0.0416754596537144,-0.12712134926524854,0.1353547444406239,-0.05776699250052281,-0.11716824128971016,
ons_realtime_abmi_e4_registered,856,retained,0.022389260920134185,-0.010719927828168108,-0.1465835585367523,0.08787156180246147,0.1589889682429957,
ons_realtime_abmi_e4_registered,857,retained,-0.02663478555148603,0.15202929261340137,0.027554562175532316,-0.27858036735816255,-0.007542629636715259,
ons_realtime_abmi_e4_registered,858,retained,0.030845865533530303,0.09678674830018419,0.11878094469395606,-0.10665293425774214,0.014468703397723104,
ons_realtime_abmi_e4_registered,859,retained,-0.04530850154560628,0.05301194401799769,0.005338259009611046,-0.1911823032390222,-0.04840190597101168,
ons_realtime_abmi_e4_registered,860,retained,0.028849356726881895,0.2025291613103665,-0.04217082372638578,0.06789436413521577,-0.1128552748116689,
ons_realtime_abmi_e4_registered,861,retained,-0.002457388379966771,0.018764753440452697,-0.030084896665792837,-0.05645104555277575,0.0579416352582488,
ons_realtime_abmi_e4_registered,862,retained,0.01702471709292694,0.0712208337418253,-0.006271288211261328,0.019247691000643052,-0.016098368159499277,
ons_realtime_abmi_e4_registered,863,retained,0.03714898547997072,-0.03958027973199524,0.02639241322318714,0.21950130876896531,-0.05771750034027434,
ons_realtime_abmi_e4_registered,864,retained,-0.05332163807691029,-0.13309260251577365,0.005679572868553584,-0.05462760384784371,-0.031245918812577378,
ons_realtime_abmi_e4_registered,865,retained,-0.031231737845991453,0.06185091786365776,-0.00826793088228972,-0.24632314387779475,0.0678132055124609,
ons_realtime_abmi_e4_registered,866,retained,-0.11455169901377259,-0.11312266639934043,0.16824282034630322,-0.45718024708495564,-0.0561467029170975,
ons_realtime_abmi_e4_registered,867,retained,0.012357362870423896,0.032366661475317804,0.23490959719910587,-0.09287237842902196,-0.12497442876370612,
ons_realtime_abmi_e4_registered,868,retained,-0.03803393647620942,-0.07388582940928062,0.025554702604025037,0.02569137004308475,-0.12949598914266686,
ons_realtime_abmi_e4_registered,869,retained,0.11371829658657086,0.016474922029480032,0.030324253853111105,0.323092539471732,0.0849814709919603,
ons_realtime_abmi_e4_registered,870,retained,-0.036629109011361675,0.10268751842841689,-0.012222975653359391,-0.13760478564053072,-0.09937619317997348,
ons_realtime_abmi_e4_registered,871,retained,-0.02268281987259345,-0.046715505098555155,-0.0029080145540327784,0.04957080835768224,-0.0906785681954681,
ons_realtime_abmi_e4_registered,872,retained,-0.03489177720020148,0.015516691198590948,-0.03567514365035249,-0.23668269118371155,0.11727403483466714,
ons_realtime_abmi_e4_registered,873,retained,0.02655153613061137,-0.06182985629036769,-0.03174069452428291,0.07754243167957575,0.12223426365752033,
ons_realtime_abmi_e4_registered,874,retained,-0.07724992619243401,0.04938876089783045,-0.07024779390160857,-0.3139872917726887,0.02584662000673077,
ons_realtime_abmi_e4_registered,875,retained,-0.010648278196863155,0.06577635548128488,0.08891567035776404,-0.10090740311817564,-0.0963777355083259,
ons_realtime_abmi_e4_registered,876,retained,-0.08109048294325324,-0.058351237716609994,-0.030078744625546272,-0.12326750846384055,-0.11266444096701617,
ons_realtime_abmi_e4_registered,877,retained,-0.052047382550762133,-0.014293186798621682,-0.1338549957761892,-0.052003360699655055,-0.008037986928582597,
ons_realtime_abmi_e4_registered,878,retained,-0.09024624831905739,-0.1475220832840033,-0.11121814411855824,-0.18646356364708438,0.08421879777341634,
ons_realtime_abmi_e4_registered,879,retained,-0.030630814047404267,0.04360172651775707,0.027560573239934882,0.12757750373560311,-0.32126305968291213,
ons_realtime_abmi_e4_registered,880,retained,0.018595096154486616,-0.03105102997121198,-0.05422876074938676,0.08872667654584238,0.07093349879270283,
ons_realtime_abmi_e4_registered,881,retained,-0.06707768993950064,-0.16002295887465195,0.0145977562909958,-0.11018004381375629,-0.012705513360590115,
ons_realtime_abmi_e4_registered,882,retained,-0.13610057598018166,-0.10235929543842465,-0.10189114503320185,-0.2201494395554577,-0.12000242389364252,
ons_realtime_abmi_e4_registered,883,retained,-0.0028890216085174364,-0.10987496790983531,0.039302178823310996,0.028246494381904186,0.03077020827055038,
ons_realtime_abmi_e4_registered,884,retained,-0.10037126170037429,-0.1309684463594627,-0.36001133299327137,0.15318131190509215,-0.06368657935385524,
ons_realtime_abmi_e4_registered,885,retained,0.05630430034635954,-0.052240995671730295,0.11632959922527614,0.12186881213186701,0.03925978570002531,
ons_realtime_abmi_e4_registered,886,retained,0.08204508436749866,0.14597287767232037,0.028392939054422806,0.01858390449424141,0.13523061624901006,
ons_realtime_abmi_e4_registered,887,retained,0.0992984360238118,0.10885886082704788,0.1978849213792148,0.049931265184240736,0.04051869670474384,
ons_realtime_abmi_e4_registered,888,retained,0.03431915721558981,-0.03984463266332683,-0.005530295549443398,0.10952760027199471,0.07312395680313477,
ons_realtime_abmi_e4_registered,889,retained,-0.016870400048270492,-0.05821222197827641,-0.11884355223263338,-0.09746897054506293,0.20704314456289075,
ons_realtime_abmi_e4_registered,890,retained,-0.04691462827584335,-0.14015864151816165,-0.01734288905714293,0.04262333897777543,-0.07278032150584424,
ons_realtime_abmi_e4_registered,891,retained,0.01991386300794755,0.07029622298704138,0.16063865269646674,-0.1678952512559107,0.01661582760419278,
ons_realtime_abmi_e4_registered,892,retained,0.04919458672496867,-0.022713584206904724,0.1040723128864307,0.11482301911582377,0.0005965991045249197,
ons_realtime_abmi_e4_registered,893,retained,0.011957182573634331,0.01928608642132912,-0.05438444029303002,0.06998781087949135,0.012939273286746877,
ons_realtime_abmi_e4_registered,894,retained,-0.06718032138461022,-0.12512783802873267,-0.12761040895149234,0.04103910065474381,-0.05702213921295968,
ons_realtime_abmi_e4_registered,895,retained,-0.05054920125490486,-0.04583027993812011,-0.038258914150475276,-0.06899429524280953,-0.04911331568821453,
ons_realtime_abmi_e4_registered,896,retained,0.010971130207347933,-0.04070281144251331,0.09339213896219378,0.037883096291396745,-0.046687902981685486,
ons_realtime_abmi_e4_registered,897,retained,-0.0999619494315884,0.21733796127975194,0.007645222354568992,-0.3821296973012185,-0.24270128405945607,
ons_realtime_abmi_e4_registered,898,retained,0.1451482513855787,0.2832266207458529,-0.1055347785165554,0.32363903014116857,0.07926213317184871,
ons_realtime_abmi_e4_registered,899,retained,-0.10523367210522196,-0.017481978233286677,-0.04046935486778158,-0.25243589005313455,-0.11054746526668502,
ons_realtime_abmi_e4_registered,900,retained,0.04395605818031062,0.1799104069298807,-0.12213519367373138,-0.024098651614774758,0.14214767107986792,
ons_realtime_abmi_e4_registered,901,retained,-0.03275633437683678,-0.02233771071012569,-0.10354794804322198,0.025825978497721835,-0.03096565725172129,
ons_realtime_abmi_e4_registered,902,retained,-0.04031758968717081,0.06652312247380682,-0.07289168337243712,-0.06232933432147014,-0.09257246352858278,
ons_realtime_abmi_e4_registered,903,retained,-0.07767039623411441,-0.0579360686789836,-0.05361069987341438,-0.13533499413407285,-0.06379982224998682,
ons_realtime_abmi_e4_registered,904,retained,-0.0213169491987042,-0.1888271433344467,0.0546654381092091,0.0826998656925379,-0.0338059572621171,
ons_realtime_abmi_e4_registered,905,retained,-0.0318172202803767,-0.10235958135512963,-0.0034303140525087095,-0.009323643349503086,-0.012155342364365385,
ons_realtime_abmi_e4_registered,906,retained,0.030793720086105147,0.05077944471928603,0.09601183873691754,0.06157160024744163,-0.0851880033592246,
ons_realtime_abmi_e4_registered,907,retained,0.06814925441985345,0.06418709370347953,0.19642891500055681,-0.19093168794795537,0.20291269692333286,
ons_realtime_abmi_e4_registered,908,retained,0.04846159724822104,0.012339348231465763,0.049706720613067024,0.07506497593301478,0.0567353442153366,
ons_realtime_abmi_e4_registered,909,retained,-0.11964462164963319,-0.21270572360157258,-0.00724193004552498,-0.16457504301022982,-0.09405578994120534,
ons_realtime_abmi_e4_registered,910,retained,-0.020198123006397048,-0.008901040641864477,-0.09173601210126525,0.09391173889303117,-0.07406717817548963,
ons_realtime_abmi_e4_registered,911,retained,-0.06823453415992942,0.11206545807404705,-0.145576220809008,-0.26540030293234734,0.02597292902759063,
ons_realtime_abmi_e4_registered,912,retained,-0.00416634855409008,0.0844122312466215,-0.005608930653060673,-0.02787210811388169,-0.06759658669603946,
ons_realtime_abmi_e4_registered,913,retained,0.0385547942300762,-0.013460040776832827,0.02138660777598045,0.04259318284305608,0.10369942707810108,
ons_realtime_abmi_e4_registered,914,retained,0.06423686174422133,-0.0026357701684626145,0.02610739525145611,-0.06819321884321045,0.30166904073710227,
ons_realtime_abmi_e4_registered,915,retained,0.06489463411249743,0.022230412565984847,-0.032483605995710985,0.184848600993389,0.08498312888632686,
ons_realtime_abmi_e4_registered,916,retained,-0.001190835216662564,0.025742379708076912,-0.023667702881768282,0.014707550853492068,-0.021545568546450955,
ons_realtime_abmi_e4_registered,917,retained,0.01433595626484383,-0.06381750955413806,-0.031008733549895195,0.09949721067468442,0.052672857488724155,
ons_realtime_abmi_e4_registered,918,retained,-0.05332317794940278,0.06587727450348485,-0.0724268479792578,-0.10906561124961589,-0.09767752707222227,
ons_realtime_abmi_e4_registered,919,retained,-0.12358746469737257,0.08854347612003977,-0.07544707223576042,-0.0825970533985762,-0.42484920927519343,
ons_realtime_abmi_e4_registered,920,retained,0.05328272370646493,0.23915284426151612,0.0021786955889472326,0.10662616536106428,-0.1348268103856679,
ons_realtime_abmi_e4_registered,921,retained,-0.04805725599344744,-0.14571593161565505,-0.012162114234236188,-0.02730324691467445,-0.007047731209224084,
ons_realtime_abmi_e4_registered,922,retained,0.025751998660978062,-0.0128097750329077,0.12848109737592783,-0.2364808935082776,0.22381756580916973,
ons_realtime_abmi_e4_registered,923,retained,0.007237904910119455,0.03044361921834926,0.039563575863282074,0.023435467252843623,-0.06449104269399714,
ons_realtime_abmi_e4_registered,924,retained,-0.011429986963044828,0.07476235058526431,0.03819267116194158,-0.10360469652320098,-0.05507027307618423,
ons_realtime_abmi_e4_registered,925,retained,-0.03064493699747227,-0.09506516601822412,0.13523696156913934,-0.026927481591714708,-0.13582406194908958,
ons_realtime_abmi_e4_registered,926,retained,0.0505413154022198,0.17329600834008704,0.06533384689625749,-0.10546850300147162,0.0690039093740063,
ons_realtime_abmi_e4_registered,927,retained,-0.05485429975783651,-0.038325962097937705,-0.11506329124745396,-0.03795682946546608,-0.0280711162204883,
ons_realtime_abmi_e4_registered,928,retained,0.036326439939681106,-0.12962513320239938,-0.0068109617869202,0.05650723371131805,0.22523462103672595,
ons_realtime_abmi_e4_registered,929,retained,0.008774212865341025,0.05732952562347082,-0.015692410980646554,-0.008618587231507324,0.0020783240500471534,
ons_realtime_abmi_e4_registered,930,retained,0.024221703016520935,-0.002771992003848478,-0.019267332951010463,-0.11464471596524184,0.23357085298618452,
ons_realtime_abmi_e4_registered,931,retained,-0.024422788586846905,-0.09851137097566054,-0.0597783141309024,-0.032947365872782255,0.09354589663195756,
ons_realtime_abmi_e4_registered,932,retained,0.02178343663678224,-0.047999574576867154,-0.008263526801480792,0.16041768858383337,-0.017020840658356462,
ons_realtime_abmi_e4_registered,933,retained,0.06405584514673243,0.1340644983066897,-0.12619542607268142,0.17557623790362334,0.0727780704492981,
ons_realtime_abmi_e4_registered,934,retained,0.014425107314410983,-0.1352210234556499,-0.006633100079555976,0.11844367392752897,0.08111087886532084,
ons_realtime_abmi_e4_registered,935,retained,-0.06446370237436358,-0.07343149070368205,-0.0020137423545719124,-0.15764493547106756,-0.0247646409681328,
ons_realtime_abmi_e4_registered,936,retained,0.008588071725911396,0.10403935247643673,-0.01003665939847831,-0.037377872813386726,-0.022272533360926106,
ons_realtime_abmi_e4_registered,937,retained,0.16858259156693067,0.29878141616291576,0.22512233189858788,0.21206614793222678,-0.061639529726007725,
ons_realtime_abmi_e4_registered,938,retained,-0.0036177277630521504,-0.02299180239911458,0.07257577757178257,0.13207094015566673,-0.19612582638054332,
ons_realtime_abmi_e4_registered,939,retained,-0.14578385546822836,-0.3778598180689056,-0.17980219875642162,0.034205109330586014,-0.05967851437817212,
ons_realtime_abmi_e4_registered,940,retained,-0.02176137456147728,-0.0072310031719355905,-0.07534733801499072,-0.067008020959761,0.06254086390077818,
ons_realtime_abmi_e4_registered,941,retained,0.09610579303116734,0.21410231263958557,0.09043888806434527,0.05976426078812136,0.020117710632617136,
ons_realtime_abmi_e4_registered,942,retained,-0.04686258788512459,0.11908681121328557,-0.0004036546814202291,-0.1022704222370115,-0.2038630858353522,
ons_realtime_abmi_e4_registered,943,retained,0.018029360977298264,0.04198832957049792,0.3060930120712938,-0.03758075050460813,-0.23838314722799053,
ons_realtime_abmi_e4_registered,944,retained,-0.008758944143749073,0.03538940367784804,-0.07486217806899431,0.0968638995953337,-0.09242690177918372,
ons_realtime_abmi_e4_registered,945,retained,-0.01953553470588268,-0.03425784695304379,0.031900760554094854,-0.1083014233236218,0.032516370899040026,
ons_realtime_abmi_e4_registered,946,retained,-0.03798304499533048,0.15766643057726643,-0.03210651835561518,-0.3437557414834578,0.06626364928048462,
ons_realtime_abmi_e4_registered,947,retained,-0.07003625946436574,0.004621611893957045,-0.15271768003377256,-0.05829669341480315,-0.07375227630284431,
ons_realtime_abmi_e4_registered,948,retained,0.019912891725487686,0.0544930021779888,0.03984551002079323,0.11137049346324046,-0.12605743876007175,
ons_realtime_abmi_e4_registered,949,retained,0.05326790959124952,0.05235933556849415,0.060683931842440586,-0.003875830299937544,0.10390420125400088,
ons_realtime_abmi_e4_registered,950,retained,-0.039611324240358764,0.11647976145963651,-0.026839038004060622,-0.03039377929105247,-0.21769224112595847,
ons_realtime_abmi_e4_registered,951,retained,-0.06751713505625068,-0.04668350962155687,-0.06118829666781356,-0.07245482381371351,-0.08974191012191873,
ons_realtime_abmi_e4_registered,952,retained,0.05476813208326635,-0.022737061236737466,0.18794684098939207,-0.21112240361229007,0.26498515219270086,
ons_realtime_abmi_e4_registered,953,retained,-0.04196110573187465,-0.16375892856506663,0.022961643623253147,0.17074455681470496,-0.19779169480039008,
ons_realtime_abmi_e4_registered,954,retained,0.0877602703825138,0.22867704190386523,0.018709012884315368,-0.0005054253375472717,0.10416045207942187,
ons_realtime_abmi_e4_registered,955,retained,0.0842707516916821,-0.012744892856934364,0.11609932078433921,0.05874581777415244,0.17498276106517113,
ons_realtime_abmi_e4_registered,956,retained,0.03589624625345139,-0.05563767384451174,0.25213931624619096,0.016379095064387506,-0.06929575245226116,
ons_realtime_abmi_e4_registered,957,retained,-0.07416195238603404,0.009089885495840333,-0.17221097063399915,-0.15095681836845412,0.017430093962476745,
ons_realtime_abmi_e4_registered,958,retained,-0.036825148467832435,-0.13312878138199896,0.015238915517936436,0.09933828255201096,-0.12874901055927818,
ons_realtime_abmi_e4_registered,959,retained,0.02692003311297303,0.15875106100865305,-0.05640708792097626,-0.04165241863749447,0.0469885780017098,
ons_realtime_abmi_e4_registered,960,retained,-0.005318658453662452,0.039473257632336056,-0.08307562513833072,-0.027080653123361192,0.04940838681470605,
ons_realtime_abmi_e4_registered,961,retained,0.018233065189135894,0.07160713821748432,0.02416028686611532,-0.011898661016350343,-0.010936503310705725,
ons_realtime_abmi_e4_registered,962,retained,-0.15781245781077785,-0.11333213197772729,-0.3448111301894859,-0.026338195482131344,-0.14676837359376693,
ons_realtime_abmi_e4_registered,963,retained,-0.0851828388517981,-0.03325465636596281,-0.060594495183959984,-0.060555776146959894,-0.18632642771030972,
ons_realtime_abmi_e4_registered,964,retained,-0.0025819927954329053,-0.17893774367456644,0.1959134036104046,-0.052122450229416195,0.024818819111846413,
ons_realtime_abmi_e4_registered,965,retained,0.0007854679999362152,-0.0023178998996126188,0.0035832175601508975,-0.08189588830991318,0.08377244264911976,
ons_realtime_abmi_e4_registered,966,retained,0.10385948099089164,0.03834775338295543,0.06558444928531881,0.21949727913678374,0.09200844215850856,
ons_realtime_abmi_e4_registered,967,retained,-0.11745695792031222,-0.08958910619782712,-0.2633690394567463,-0.13075304565476442,0.013883359628088954,
ons_realtime_abmi_e4_registered,968,retained,0.001887262418006505,0.03835124481662855,-0.0639806932301234,0.032887491470372066,0.0002910066151488033,
ons_realtime_abmi_e4_registered,969,retained,-0.026170220760608986,-0.07124767463544829,-0.19115833814161864,0.05983843460542748,0.0978866951292035,
ons_realtime_abmi_e4_registered,970,retained,-0.015075716046480662,-0.07129532052975379,-0.024675808425710377,-0.09853106406080958,0.1341993288303511,
ons_realtime_abmi_e4_registered,971,retained,0.006159474185656794,0.04669371595951621,-0.0629517806716805,-0.0010775636527952104,0.04197352510758667,
ons_realtime_abmi_e4_registered,972,retained,-0.013671626665648903,-0.017428076790749203,0.09130571797144998,0.0005476696389115632,-0.12911181748220796,
ons_realtime_abmi_e4_registered,973,retained,0.13881432562684187,-0.040072513446372526,0.21953873669240856,0.18025428993222298,0.1955367893291085,
ons_realtime_abmi_e4_registered,974,retained,0.012292939984851502,0.024265629103075503,0.13146835276041346,-0.05794240393098826,-0.0486198179930947,
ons_realtime_abmi_e4_registered,975,retained,-0.020488479956088428,-0.18039209475048243,-0.04353822027615473,-0.00600702188093627,0.14798341708321971,
ons_realtime_abmi_e4_registered,976,retained,0.0838656664912314,0.0638214481285071,-0.10881630875998816,0.1472904081929926,0.23316711840341403,
ons_realtime_abmi_e4_registered,977,retained,-0.03589257999161565,-0.1369651898272031,0.05224762199764327,-0.0970267354303403,0.03817398329343752,
ons_realtime_abmi_e4_registered,978,retained,0.06256424468726984,0.19984125413631326,0.03590078859329132,-0.10788377722209272,0.12239871324156751,
ons_realtime_abmi_e4_registered,979,retained,-0.00890568404903,-0.1854348204926734,0.06800434927713617,0.04920954546934447,0.032598189550072765,
ons_realtime_abmi_e4_registered,980,retained,0.038466757417223676,-0.14521370999088834,0.05387952661192641,0.32140109961159563,-0.076199886563739,
ons_realtime_abmi_e4_registered,981,retained,-0.05767353399138171,-0.19123263087030107,0.01669346847105091,-0.14542257131245795,0.08926759774618126,
ons_realtime_abmi_e4_registered,982,retained,0.07444595749496523,0.14434338654632956,-0.1389530891688734,0.10664665180069594,0.1857468808017088,
ons_realtime_abmi_e4_registered,983,retained,0.05978231365910838,-0.031421657328658426,-0.07832515058191553,0.3153226898792413,0.0335533726677662,
ons_realtime_abmi_e4_registered,984,retained,0.018033375794850343,0.02274454716469071,0.13970358041759895,-0.007439275016825286,-0.082875349386063,
ons_realtime_abmi_e4_registered,985,retained,0.004486441355738835,-0.045038079907189776,-0.02084536518128799,-0.07091771173912037,0.15474692225055348,
ons_realtime_abmi_e4_registered,986,retained,-0.013480666366568958,-0.05248503176306596,0.33486064907840296,-0.21570795430336984,-0.120590328478243,
ons_realtime_abmi_e4_registered,987,retained,0.02330566932679834,0.20188148504276132,0.035186781583741444,-0.07654384486573879,-0.06730174445357062,
ons_realtime_abmi_e4_registered,988,retained,0.0593484161009178,0.1374877586509267,0.06358993971683558,0.04526300976846298,-0.008947043732554033,
ons_realtime_abmi_e4_registered,989,retained,0.012497832035550466,0.1677074878127759,0.08601145533221832,-0.17912938005660145,-0.0245982349461909,
ons_realtime_abmi_e4_registered,990,retained,0.027340663733932055,0.1543428276344821,0.05464349263671053,-0.022027877991616984,-0.07759578734384742,
ons_realtime_abmi_e4_registered,991,retained,0.016994612995422327,0.0872184948714112,0.04456293079563001,-0.1019173079191786,0.03811433423382671,
ons_realtime_abmi_e4_registered,992,retained,0.09675880773236493,0.15442156006470564,0.0075397417487192975,-0.03459487430428759,0.2596688034203224,
ons_realtime_abmi_e4_registered,993,retained,0.009746496423055181,-0.11938650830182024,-0.05143906525285169,0.007756975956715539,0.20205458329017711,
ons_realtime_abmi_e4_registered,994,retained,0.07413404767540432,0.20027704264245896,-0.012061984980127782,0.0035625060837997657,0.10475862695548632,
ons_realtime_abmi_e4_registered,995,retained,0.05768785061853164,0.04950739873846538,0.010229930051645741,0.13816316601526207,0.03285090766875337,
ons_realtime_abmi_e4_registered,996,retained,0.0360372603936146,-0.01456081982462587,-0.03541303996132622,0.035441704471158464,0.15868119688925203,
ons_realtime_abmi_e4_registered,997,retained,0.016088694033691016,-0.129230885140997,0.0467340338931882,0.10517175835062476,0.04167986903194812,
ons_realtime_abmi_e4_registered,998,retained,0.05084826194029159,0.1792884367601023,0.04855188015691014,-0.0014168494321582792,-0.0230304197236878,
ons_realtime_abmi_e4_registered,999,retained,-0.0856029725298729,-0.22897829346920895,-0.029038544246878517,0.06389794611505839,-0.1482929985184625,
